BearID,year,sex,birth,age,reprostatus.represent,C13.suess,N15,weight,headcirc,Cmonth
W0001,1999,M,1997,3,SolitaryM,-23.082,5.02,94,57,4
W0002,1999,M,1994,6,SolitaryM,-23.162,5.13,130,67,4
W0002,2000,M,1994,7,SolitaryM,-22.89,5.47,148,74,4
W0003,1999,M,1997,3,SolitaryM,-23.042,4.56,63,48.5,4
W0004,1999,F,1994,6,WithCubs,-22.762,4.62,95,59,4
W0004,2001,F,1994,8,WithCubs,-22.838,4.27,86,60,4
W0004,2003,F,1994,10,WithCubs,-22.954,4.02,95,62,4
W0004,2005,F,1994,12,WithCubs,-23.04,4.47,95,64,5
W0004,2007,F,1994,14,WithCubs,-23.076,4.24,88,65,4
W0004,2008,F,1994,15,SolitaryF,-22.874,4.06,96,63,4
W0005,1999,M,1999,1,WithMother,-22.932,5.44,45,46,4
W0006,1999,M,1999,1,WithMother,-23.222,4.73,32,40,4
W0007,1999,M,1999,1,WithMother,-23.212,4.76,38,43,4
W0008,1999,F,1999,1,WithMother,-23.392,4.65,32,40,4
W0009,1999,M,1999,1,WithMother,-23.182,5.83,37,39.5,4
W0010,1999,F,1999,1,WithMother,-23.262,5.23,30,38.5,4
W0010,2001,F,1999,3,SolitaryF,-22.328,4.36,75,51,7
W0010,2002,F,1999,4,SolitaryF,-22.496,4.18,117,57,9
W0010,2005,F,1999,7,WithCubs,-23.66,4.37,83,60,4
W0010,2007,F,1999,9,WithCubs,-22.766,3.7,81,58,4
W0011,1999,M,1999,1,WithMother,-23.272,5.21,32,39,4
W0012,1999,M,1991,9,SolitaryM,-23.082,5.64,233,77,4
W0012,2000,M,1991,10,SolitaryM,-23.23,5.04,212,77,4
W0012,2001,M,1991,11,SolitaryM,-23.478,5.9,195,76,6
W0012,2003,M,1991,13,SolitaryM,-23.574,5.85,230,77,4
W0012,2005,M,1991,15,SolitaryM,-23.44,6.36,224,80,4
W0012,2006,M,1991,16,SolitaryM,-23.278,5.92,204,80,4
W0012,2008,M,1991,18,SolitaryM,-23.214,6.56,NA,82,5
W0013,1999,M,1995,5,SolitaryM,-23.522,6.31,173,65,4
W0013,2000,M,1995,6,SolitaryM,-23.27,5.8,167,68.5,4
W0013,2001,M,1995,7,SolitaryM,-23.368,5.98,208,71,4
W0013,2007,M,1995,13,SolitaryM,-22.696,5.53,215,77,4
W0013,2008,M,1995,14,SolitaryM,-22.814,5.36,228,72,4
W0013,2009,M,1995,15,SolitaryM,-23.282,5.76,188,76,4
W0013,2010,M,1995,16,SolitaryM,-22.73,6.46,225,76,4
W0014,1999,M,1999,1,WithMother,-23.132,5.84,42,45,4
W0014,2000,M,1999,2,SolitaryM,-23.31,5.14,68,54,4
W0015,1999,F,1999,1,WithMother,-23.052,5.72,36,41.5,4
W0015,2002,F,1999,4,SolitaryF,-22.666,4.76,138,NA,9
W0015,2002,F,1999,4,SolitaryF,-22.786,4.79,138,NA,9
W0016,1999,M,1994,6,SolitaryM,-22.872,5.68,175,70,4
W0017,1999,M,1999,1,WithMother,-23.332,5.05,30,38,4
W0018,1999,F,1999,1,WithMother,-23.102,5.75,27,38,4
W0018,2002,F,1999,4,SolitaryF,-22.626,4.78,88,58,4
W0018,2004,F,1999,6,WithCubs,-23.172,4.27,82,58,4
W0018,2006,F,1999,8,WithCubs,-23.318,4.71,97,63,4
W0019,1999,F,1999,1,WithMother,-22.982,5.66,24,37,4
W0020,1999,F,1999,1,WithMother,-23.062,5.69,24,36,4
W0021,1999,F,1999,1,WithMother,-23.362,4.6,30,40,4
W0021,2002,F,1999,4,SolitaryF,-22.956,4.41,117,NA,9
W0021,2002,F,1999,4,SolitaryF,-23.356,4.59,117,NA,9
W0022,1999,M,1999,1,WithMother,-23.162,4.67,30,39,4
W0023,1999,M,1999,1,WithMother,-23.372,4.71,28,38,4
W0024,1999,M,1999,1,WithMother,-22.872,5.4,36,42,4
W0025,1999,F,1999,1,WithMother,-22.882,5.49,52,54,8
W0101,2000,M,1998,3,SolitaryM,-23.02,4.03,81,59,4
W0101,2003,M,1998,6,SolitaryM,-22.984,4.66,147,73,6
W0101,2007,M,1998,10,SolitaryM,-23.386,4.8,184,78,4
W0101,2008,M,1998,11,SolitaryM,-23.334,5,209,77,4
W0102,2000,M,1997,4,SolitaryM,-23,4.68,147,69,4
W0102,2001,M,1997,5,SolitaryM,-23.298,4.74,216,73,4
W0103,2000,M,1999,2,NA,-23.25,4.32,51,50,4
W0104,2000,F,2000,1,WithMother,-22.92,5.21,34,45,4
W0104,2002,F,2000,3,SolitaryF,-23.006,4.51,114,58,9
W0104,2005,F,2000,6,WithCubs,-23.06,4.36,77,59,4
W0104,2009,F,2000,10,WithCubs,-23.022,4.8,97,62,4
W0104,2011,F,2000,12,WithCubs,-23.078,4.33,78,60,5
W0104,2014,F,2000,15,WithCubs,-23.322,4.15,83.6,59,4
W0104,2015,F,2000,16,WithCubs,-23.49,4.4,102,59,5
W0105,2000,F,2000,1,WithMother,-22.9,5.72,35,45,4
W0106,2000,M,2000,1,WithMother,-23.07,5.57,26.5,42.5,4
W0107,2000,F,2000,1,WithMother,-22.8,5.49,28.5,44,4
W0107,2002,F,2000,3,SolitaryF,-22.476,4.47,101,61,9
W0107,2002,F,2000,3,SolitaryF,-22.786,5.1,101,61,9
W0107,2004,F,2000,5,SolitaryF,-22.992,5.07,79,59,4
W0107,2006,F,2000,7,WithCubs,-22.908,4.75,85,65,4
W0107,2008,F,2000,9,WithCubs,-22.874,4.45,97,66,4
W0108,2000,M,1990,11,SolitaryM,-22.98,4.47,218,77,4
W0108,2008,M,1990,19,SolitaryM,-23.014,4.75,NA,NA,13
W0109,2001,F,1994,8,WithCubs,-22.858,3.81,76,57,4
W0109,2003,F,1994,10,WithCubs,-23.514,3.93,87,62,4
W0110,2000,M,1998,3,SolitaryM,-23.38,3.59,65,52.5,4
W0111,2000,M,1994,7,SolitaryM,-23.05,4.65,174,70,4
W0112,2000,M,2000,1,WithMother,-22.89,4.93,22,40,4
W0113,2000,M,2000,1,WithMother,-23.19,4.79,20,39,4
W0114,2000,M,2000,1,WithMother,-23.13,4.64,19,38,4
W0115,2000,M,2000,1,WithMother,-23.22,4.4,26,41,4
W0116,2000,M,2000,1,WithMother,-23.36,5.34,28,42,4
W0117,2000,F,2000,1,WithMother,-22.06,5.64,18,39,4
W0118,2000,M,2000,1,WithMother,-23.15,4.88,22,39.5,4
W0119,2000,M,2000,1,WithMother,-23.09,4.86,26,39.5,4
W0120,2000,F,1999,2,NA,-23.37,3.71,41.5,48,5
W0120,2001,F,1999,3,SolitaryF,-23.138,4.12,58,52,4
W0120,2002,F,1999,4,SolitaryF,-22.786,3.7,80,60,5
W0121,2000,F,1986,15,NA,-22.86,4.42,93,62,5
W0122,2000,F,1994,7,NA,-23.03,4.08,87,60,5
W0201,2001,M,1998,4,SolitaryM,-23.158,4.38,113,66,4
W0201,2002,M,1998,5,SolitaryM,-23.176,4.54,142,72,6
W0201,2003,M,1998,6,SolitaryM,-23.394,4.98,196,78,6
W0202,2001,M,1996,6,SolitaryM,-23.458,4.99,160,70,4
W0203,2001,M,2001,1,NA,-22.898,4.26,13,37,4
W0204,2001,M,2001,1,NA,-22.808,4.56,21,40,4
W0205,2001,F,2001,1,WithMother,-23.168,5.06,18,38,4
W0206,2001,M,2001,1,WithMother,-23.098,4.91,21,39,4
W0207,2001,M,2001,1,WithMother,-22.998,5.19,26,42,4
W0208,2001,F,2001,1,WithMother,-23.048,3.9,17,38,4
W0208,2003,F,2001,3,SolitaryF,-23.244,3.92,50,49,4
W0208,2004,F,2001,4,SolitaryF,-22.962,3.95,65,53,5
W0209,2001,F,2001,1,WithMother,-22.948,4.3,16,37,4
W0209,2003,F,2001,3,SolitaryF,-23.084,4.45,61,52.5,4
W0209,2004,F,2001,4,SolitaryF,-23.312,4.94,71,56,4
W0209,2006,F,2001,6,WithCubs,-23.488,4.75,81,59,4
W0210,2001,M,2001,1,WithMother,-23.078,5.24,20,40,4
W0210,2009,M,2001,9,SolitaryM,-23.142,4.37,NA,NA,13
W0211,2001,M,2001,1,WithMother,-22.988,5.19,18.5,38,4
W0212,2001,F,2001,1,WithMother,-22.978,5.4,17,38,4
W0212,2004,F,2001,4,SolitaryF,-23.252,4.71,72,55,4
W0212,2005,F,2001,5,SolitaryF,-23.37,5.16,93,60,4
W0212,2006,F,2001,6,SolitaryF,-23.588,5.09,81,59,5
W0213,2001,M,2001,1,WithMother,-23.088,4.69,24,42.5,4
W0214,2001,F,2001,1,WithMother,-23.148,4.72,27,41.5,4
W0215,2001,M,2001,1,WithMother,-23.048,5.1,14,37,4
W0216,2001,M,2001,1,WithMother,-23.208,4.67,15,NA,4
W0217,2001,F,2001,1,WithMother,-23.078,4.72,10,35.5,4
W0217,2003,F,2001,3,SolitaryF,-23.404,4.22,45,46,4
W0217,2004,F,2001,4,SolitaryF,-24.012,4.21,53,53,4
W0217,2005,F,2001,5,SolitaryF,-23.57,4.66,NA,NA,13
W0217,2006,F,2001,6,NA,-23.328,5.31,NA,NA,5
W0217,2007,F,2001,7,SolitaryF,-22.856,4.77,105,60,8
W0217,2010,F,2001,10,WithCubs,-23.18,4.5,68,57,4
W0217,2012,F,2001,12,WithCubs,-23.296,4.69,79,59,5
W0219,2001,F,2001,1,WithMother,-23.338,4.73,24,42,4
W0219,2004,F,2001,4,SolitaryF,-23.622,4.81,78,59,4
W0219,2009,F,2001,9,SolitaryF,-23.742,4.9,84,63,5
W0219,2010,F,2001,10,WithCubs,-23.48,4.58,80,61,4
W0219,2015,F,2001,15,NA,-24.07,4.9,123,63,5
W0220,2001,M,2001,1,WithMother,-23.368,4.59,25,40,4
W0221,2001,F,2001,1,WithMother,-23.288,4.46,23,40,4
W0221,2004,F,2001,4,SolitaryF,-23.122,3.95,76,59,4
W0222,2001,M,2001,1,WithMother,-23.258,4.42,23,41.5,4
W0222,2004,M,2001,4,SolitaryM,-23.182,4.49,73,57,4
W0223,2001,F,2001,1,WithMother,-23.148,4.7,21,40,4
W0224,2001,M,1999,3,SolitaryM,-22.548,4.6,60,NA,4
W0225,2001,M,1997,5,SolitaryM,-23.158,4.41,152,70,5
W0226,2001,M,1991,11,SolitaryM,-22.908,5.07,157,75,5
W0226,2002,M,1991,12,SolitaryM,-22.616,5.02,168,74,6
W0227,2001,F,1995,7,NA,-22.878,4.58,89,57.5,5
W0228,2001,M,1998,4,SolitaryM,-22.868,4.37,88,58,5
W0228,2007,M,1998,10,SolitaryM,-22.976,5.26,135,71,4
W0228,2008,M,1998,11,SolitaryM,-23.674,4.63,182,72,4
W0229,2001,F,1998,4,NA,-22.998,4.92,72,55,5
W0229,2003,F,1998,6,SolitaryF,-22.774,4.65,98,60,4
W0229,2004,F,1998,7,SolitaryF,-22.882,4.81,92,58,4
W0229,2005,F,1998,8,WithCubs,-23.07,4.34,89,60,4
W0229,2008,F,1998,11,WithCubs,-22.864,4.3,98,64.5,4
W0230,2002,M,1998,5,SolitaryM,-23.336,5.26,207,72,9
W0230,2002,M,1998,5,SolitaryM,-23.626,5.96,207,72,9
W0231,2001,F,1992,10,NA,-22.978,4.87,98,62,6
W0231,2003,F,1992,12,WithCubs,-23.734,4.61,98,65,4
W0231,2007,F,1992,16,WithCubs,-23.126,4.6,88,65,4
W0231,2008,F,1992,17,WithCubs,-22.894,4.86,83,67,4
W0232,2001,M,1995,7,SolitaryM,-22.908,5.77,125,66,6
W0233,2001,M,1995,7,SolitaryM,-23.128,4.94,170,72,6
W0233,2003,M,1995,9,SolitaryM,-23.364,5.17,88,74,4
W0234,2001,F,1999,3,NA,-23.038,4.59,67,54,6
W0234,2003,F,1999,5,WithCubs,-23.424,4.15,74,56,4
W0235,2001,M,1998,4,SolitaryM,-23.278,5.35,85,61,6
W0235,2002,M,1998,5,SolitaryM,-23.336,4.44,111,65,7
W0235,2003,M,1998,6,SolitaryM,-23.464,5.22,122,70,6
W0236,2001,F,1999,3,NA,-22.828,4.19,67,53,6
W0236,2004,F,1999,6,WithCubs,-23.172,3.64,91,59,4
W0237,2001,F,1997,5,NA,-22.918,4.43,86,60,6
W0237,2003,F,1997,7,WithCubs,-23.064,3.82,93,61,4
W0237,2005,F,1997,9,NA,-22.95,4.27,95,62.5,5
W0237,2007,F,1997,11,WithCubs,-22.976,4.01,120,64,8
W0237,2009,F,1997,13,WithCubs,-22.872,3.49,90,60.5,4
W0238,2001,F,1986,16,NA,-22.738,3.99,82,61,6
W0301,2002,M,2002,1,WithMother,-23.566,5.28,14,35,4
W0302,2002,M,2002,1,WithMother,-23.186,5.1,26,41,4
W0303,2002,F,2002,1,WithMother,-23.216,5.52,18,38,4
W0303,2004,F,2002,3,SolitaryF,-23.292,4.14,49,49,4
W0303,2006,F,2002,5,SolitaryF,-22.728,4.67,NA,58,7
W0303,2010,F,2002,9,WithCubs,-22.4,4.62,74,56,4
W0303,2012,F,2002,11,WithCubs,-23.066,4.2,80,61,4
W0304,2002,F,2002,1,WithMother,-23.076,4.8,29,NA,4
W0305,2002,F,2002,1,WithMother,-23.066,4.79,24,NA,4
W0306,2002,F,2002,1,WithMother,-22.956,4.99,24.5,NA,4
W0307,2002,M,2000,3,SolitaryM,-23.236,4.65,55,56,4
W0308,2002,M,2002,1,WithMother,-23.036,4.7,17,38,4
W0309,2002,F,2002,1,WithMother,-23.076,4.82,10,35,4
W0310,2002,M,2002,1,WithMother,-23.236,4.62,22,NA,4
W0311,2002,F,2002,1,WithMother,-22.626,4.82,20,40,4
W0312,2002,M,2002,1,WithMother,-22.726,4.27,24,31,4
W0313,2002,M,2002,1,WithMother,-22.996,5,24,41,4
W0314,2002,M,2002,1,WithMother,-23.176,4.86,21,41,4
W0315,2002,M,2002,1,WithMother,-23.026,4.89,13,36,4
W0316,2002,M,2002,1,WithMother,-23.026,5.34,14,37,4
W0317,2002,F,2002,1,WithMother,-22.726,5.11,21,40,4
W0318,2002,F,2002,1,WithMother,-22.976,5.51,25,41,4
W0319,2002,M,2002,1,WithMother,-22.906,5.54,24,41,4
W0320,2002,M,2002,1,WithMother,-23.216,5.27,19,39.5,4
W0321,2002,M,2002,1,WithMother,-23.246,4.97,17,37,4
W0323,2002,F,2000,3,NA,-22.346,4.58,NA,57,6
W0323,2002,F,2000,3,NA,-22.696,4.98,NA,57,6
W0323,2003,F,2000,4,SolitaryF,-23.474,5.15,89,58,6
W0323,2004,F,2000,5,SolitaryF,-22.922,4.55,94,60,4
W0324,2002,M,1998,5,SolitaryM,-22.916,4.43,122,66,6
W0324,2004,M,1998,7,SolitaryM,-23.272,4.81,155,71,6
W0325,2002,F,1994,9,NA,-23.156,4.16,89,63,6
W0326,2002,F,1993,10,NA,-22.466,4.19,98,64,6
W0326,2004,F,1993,12,WithCubs,-22.702,3.95,96,62,4
W0326,2007,F,1993,15,WithCubs,-22.646,4.25,89,65,4
W0326,2010,F,1993,18,WithCubs,-22.78,4.4,82,60,4
W0327,2002,M,1998,5,SolitaryM,-23.216,4.71,NA,66,6
W0328,2002,F,1994,9,NA,-23.036,4.23,106,62,7
W0401,2003,F,2003,1,WithMother,-23.514,4.61,21,40,4
W0402,2003,F,2003,1,WithMother,-23.164,4.9,30,42,4
W0402,2003,F,2003,1,WithMother,-23.724,4.85,30,42,4
W0403,2003,F,2003,1,WithMother,-23.214,4.83,26,42,4
W0404,2003,M,2003,1,WithMother,-23.234,4.37,25,41,4
W0405,2003,F,2003,1,WithMother,-23.074,4.76,29,45,4
W0405,2006,F,2003,4,SolitaryF,-23.028,5.04,72,57.5,6
W0406,2003,M,2003,1,WithMother,-23.584,4.5,21,40,4
W0407,2003,F,2003,1,WithMother,-23.614,4.36,17,38,4
W0407,2005,F,2003,3,SolitaryF,-22.92,4.85,NA,51,6
W0408,2003,M,2003,1,WithMother,-23.364,4.56,29,42.5,4
W0409,2003,M,2003,1,WithMother,-23.614,4.93,21,40,4
W0410,2003,F,2003,1,WithMother,-23.564,4.64,27,39,4
W0410,2005,F,2003,3,SolitaryF,-23.47,4.51,54,49.5,4
W0410,2006,F,2003,4,SolitaryF,-23.488,4.71,72,58,4
W0411,2005,F,2003,3,SolitaryF,-23.45,4.92,60,51,4
W0411,2006,F,2003,4,SolitaryF,-23.748,5.11,85,57,4
W0411,2007,F,2003,5,SolitaryF,-23.306,4.77,77,58,4
W0411,2008,F,2003,6,SolitaryF,-23.204,4.85,90,58,5
W0412,2003,F,2003,1,WithMother,-23.634,4.35,21,39,4
W0413,2003,M,2003,1,WithMother,-23.614,4.15,24,40,4
W0414,2003,M,1996,8,SolitaryM,-23.004,6.07,185,74,4
W0415,2003,F,2003,1,WithMother,-23.364,4.41,27,41,4
W0415,2006,F,2003,4,SolitaryF,-22.758,4.39,74,57,5
W0416,2003,F,2003,1,WithMother,-23.344,4.35,25,45,4
W0416,2006,F,2003,4,SolitaryF,-23.118,4.52,76,59,4
W0417,2003,M,2003,1,WithMother,-22.994,5.1,22,38.5,4
W0418,2003,M,2003,1,WithMother,-23.244,4.29,27,42,4
W0419,2003,F,2003,1,WithMother,-23.034,4.88,22,38.5,4
W0421,2003,M,2003,1,WithMother,-23.554,5.09,26,41.5,4
W0422,2003,F,2003,1,WithMother,-23.264,4.36,27,40,4
W0422,2005,F,2003,3,SolitaryF,-22.94,4.63,65,53,4
W0422,2006,F,2003,4,SolitaryF,-22.908,4.67,NA,61,5
W0422,2007,F,2003,5,SolitaryF,-22.816,4.62,83,61,4
W0422,2008,F,2003,6,SolitaryF,-22.814,4.18,82,62,4
W0424,2003,M,1997,7,SolitaryM,-23.704,7.11,198,81,6
W0424,2005,M,1997,9,SolitaryM,-23.51,6.55,241,85,5
W0424,2007,M,1997,11,SolitaryM,-23.396,7.14,250,89,4
W0424,2009,M,1997,13,SolitaryM,-23.782,6.57,234,89,4
W0425,2003,F,2000,4,NA,-23.174,3.92,67,54,6
W0425,2005,F,2000,6,WithCubs,-23.27,4.81,72,57,4
W0425,2007,F,2000,8,WithCubs,-22.796,4.23,71,58,4
W0425,2008,F,2000,9,SolitaryF,-22.944,4.31,105,NA,7
W0425,2010,F,2000,11,WithCubs,-23.04,4.18,65.4,57,4
W0425,2012,F,2000,13,WithCubs,-23.666,4.65,76,59,5
W0426,2003,M,2000,4,SolitaryM,-23.294,4.31,99,61.5,6
W0427,2003,F,2001,3,NA,-23.374,4.58,67,52,6
W0427,2004,F,2001,4,SolitaryF,-23.302,4.35,67,57,4
W0427,2005,F,2001,5,SolitaryF,-23.18,4.64,84,62,7
W0501,2004,M,1996,9,SolitaryM,-23.182,5.53,231,80,3
W0502,2004,M,2004,1,WithMother,-23.242,5.05,24,41,4
W0503,2004,F,2004,1,WithMother,-23.082,4.97,24,42,4
W0503,2006,F,2004,3,SolitaryF,-23.108,4.74,63,56,4
W0503,2007,F,2004,4,SolitaryF,-22.826,4.86,70,57,4
W0503,2008,F,2004,5,SolitaryF,-23.004,4.71,90,63,4
W0504,2004,F,2004,1,WithMother,-22.672,3.76,25,41,4
W0504,2009,F,2004,6,SolitaryF,-22.942,4.22,80,62,4
W0505,2004,F,2004,1,WithMother,-23.752,4.28,23.5,40,4
W0506,2004,M,2004,1,WithMother,-23.562,4.02,27.5,42,4
W0507,2004,F,2004,1,WithMother,-24.002,4.4,22,41,4
W0507,2006,F,2004,3,SolitaryF,-22.878,4.83,59,53.5,4
W0507,2007,F,2004,4,SolitaryF,-22.846,4.16,63,58,4
W0507,2008,F,2004,5,SolitaryF,-22.574,4.39,96,63,4
W0508,2004,F,2004,1,WithMother,-23.152,4.8,17,38.5,4
W0509,2004,F,2004,1,WithMother,-22.922,4.16,22,43,4
W0510,2004,M,2004,1,WithMother,-23.202,4.3,19,40,4
W0511,2004,F,2004,1,WithMother,-23.152,4.48,17,28,4
W0512,2004,M,2004,1,WithMother,-22.882,4.58,30,41,4
W0513,2004,F,2004,1,WithMother,-23.122,4.98,22,40,4
W0514,2004,M,2004,1,WithMother,-22.902,4.61,20,40,4
W0515,2004,M,2004,1,WithMother,-23.222,4.3,27,43,4
W0516,2004,F,1992,13,NA,-23.112,4.03,125,64,8
W0517,2004,F,2001,4,NA,-22.702,4.88,65,53,6
W0517,2006,F,2001,6,WithCubs,-23.288,4.57,62,53.5,4
W0517,2010,F,2001,10,WithCubs,-22.28,4.26,58,54,4
W0602,2005,F,2005,1,WithMother,-23.58,4.9,19,41,4
W0603,2005,F,2005,1,WithMother,-23.17,5.67,41,48,4
W0604,2005,M,2005,1,WithMother,-23.45,4.85,NA,NA,4
W0605,2005,F,2005,1,WithMother,-23.49,4.61,20,38,4
W0605,2009,F,2005,5,SolitaryF,-23.062,4.69,70,58.5,4
W0605,2010,F,2005,6,SolitaryF,-22.8,4.74,73,57,4
W0605,2011,F,2005,7,SolitaryF,-23.098,4.48,67,57,5
W0605,2012,F,2005,8,WithCubs,-23.306,4.63,72,57,4
W0605,2015,F,2005,11,WithCubs,-23.66,4.49,80.8,58,5
W0606,2005,F,2005,1,WithMother,-23.28,4.82,20,38,4
W0607,2005,F,2005,1,WithMother,-23.33,5.06,17,37,4
W0608,2005,F,2005,1,WithMother,-23.6,5.14,24,40,4
W0609,2005,F,2005,1,WithMother,-23.34,5.29,22.5,39,4
W0610,2007,F,2005,3,SolitaryF,-22.746,4.01,28,44,4
W0610,2008,F,2005,4,SolitaryF,-22.984,4.36,45,46,4
W0610,2009,F,2005,5,SolitaryF,-22.902,4.4,47,50,4
W0610,2009,F,2005,5,SolitaryF,-23.252,4.31,47,50,4
W0610,2010,F,2005,6,SolitaryF,-22.56,3.86,51,52,4
W0610,2011,F,2005,7,SolitaryF,-22.888,4.81,61.5,52,5
W0610,2012,F,2005,8,SolitaryF,-23.236,4.49,75,54,4
W0611,2005,F,2005,1,WithMother,-23.43,4.91,15,35,4
W0611,2008,F,2005,4,SolitaryF,-23.174,4.06,46,47,4
W0611,2009,F,2005,5,SolitaryF,-23.262,4.24,48,50.5,4
W0611,2010,F,2005,6,SolitaryF,-22.5,4.63,55,51,4
W0611,2011,F,2005,7,SolitaryF,-22.878,4.47,81.9,56,5
W0611,2012,F,2005,8,SolitaryF,-22.746,5.51,79,54,4
W0612,2005,M,2005,1,WithMother,-23.2,4.97,21.5,40,5
W0612,2007,M,2005,3,SolitaryM,-23.066,4.59,80,58,4
W0612,2008,M,2005,4,SolitaryM,-22.914,4.41,97,66,4
W0613,2005,M,2005,1,WithMother,-23.31,4.97,14.5,34,5
W0613,2007,M,2005,3,SolitaryM,-22.876,4.38,83,56,4
W0614,2005,M,2005,1,WithMother,-23.25,4.72,19,40,5
W0615,2005,M,2005,1,WithMother,-23.28,5.01,29,44,5
W0616,2005,F,2005,1,WithMother,-23.04,5.03,25,42,5
W0616,2008,F,2005,4,SolitaryF,-23.034,4.39,77,62,4
W0616,2009,F,2005,5,SolitaryF,-22.972,4.5,81,58,4
W0617,2005,M,2005,1,WithMother,-23,4.91,25,43,5
W0618,2005,M,2005,1,WithMother,-23.85,4.83,21,41,5
W0618,2006,M,2005,2,WithMother,-23.368,4.65,50,50,5
W0619,2005,M,2005,1,WithMother,-23.81,4.93,20,43,5
W0619,2006,M,2005,2,WithMother,-23.488,4.72,42,49,5
W0620,2005,F,2005,1,WithMother,-23.1,5.36,25,40,5
W0620,2007,F,2005,3,SolitaryF,-22.986,4.61,NA,57,5
W0620,2008,F,2005,4,SolitaryF,-22.804,4.69,77,58,4
W0620,2011,F,2005,7,WithCubs,-22.968,4.42,79,63,5
W0620,2012,F,2005,8,SolitaryF,-23.306,4.89,86,62,5
W0620,2014,F,2005,10,WithCubs,-23.352,4.85,106.5,63,4
W0621,2005,F,2005,1,WithMother,-23.39,4.53,18,40,5
W0621,2008,F,2005,4,SolitaryF,-22.634,4.33,78,57,4
W0621,2010,F,2005,6,SolitaryF,-22.98,4.57,83,60,4
W0621,2012,F,2005,8,WithCubs,-23.286,4.21,86,62,4
W0621,2015,F,2005,11,WithCubs,-23.23,4.42,93,62,5
W0622,2005,F,2005,1,WithMother,-23.48,4.81,20.5,40,5
W0622,2008,F,2005,4,SolitaryF,-23.364,4.53,78,61,5
W0622,2009,F,2005,5,SolitaryF,-23.472,3.95,98,63,4
W0623,2005,F,2005,1,WithMother,-23.06,5.43,20.5,42,5
W0623,2008,F,2005,4,SolitaryF,-22.894,4.28,69,60,4
W0623,2010,F,2005,6,WithCubs,-23.33,4.4,70,57,4
W0623,2015,F,2005,11,WithCubs,-23.74,3.91,88,64,5
W0624,2005,F,1989,17,NA,-23.06,4.78,111,65,5
W0624,2006,F,1989,18,SolitaryF,-23.048,4.57,120,65,4
W0624,2007,F,1989,19,SolitaryF,-22.886,4.83,118,65,5
W0625,2005,M,2003,3,SolitaryM,-23.18,4.66,NA,59.5,6
W0625,2006,M,2003,4,SolitaryM,-23.478,4.88,93,67,5
W0625,2007,M,2003,5,SolitaryM,-22.996,4.79,NA,66,6
W0625,2008,M,2003,6,SolitaryM,-23.164,5,NA,72,5
W0625,2009,M,2003,7,SolitaryM,-23.412,5.41,130,69,4
W0625,2010,M,2003,8,SolitaryM,-23.26,5.71,121,70,4
W0625,2011,M,2003,9,SolitaryM,-23.468,5.37,148,71,4
W0625,2012,M,2003,10,SolitaryM,-23.626,5.47,162,72,4
W0626,2005,F,2000,6,WithCubs,-23.34,4.44,76,57,6
W0626,2006,F,2000,7,SolitaryF,-23.268,4.6,68,57,5
W0626,2007,F,2000,8,SolitaryF,-23.216,4.29,NA,60,6
W0701,2006,F,2006,1,WithMother,-23.448,5.03,20,NA,4
W0702,2006,F,2006,1,WithMother,-23.488,5.25,19,NA,4
W0702,2009,F,2006,4,NA,-23.192,4.41,NA,NA,13
W0703,2006,F,2006,1,WithMother,-23.408,5.35,20.5,40,4
W0703,2008,F,2006,3,SolitaryF,-22.974,4.17,51,52,4
W0703,2009,F,2006,4,SolitaryF,-22.972,4.79,59,51,4
W0703,2010,F,2006,5,SolitaryF,-23.08,4.81,74,56,5
W0704,2006,M,2006,1,WithMother,-23.338,5.47,26,40.5,4
W0705,2006,M,2006,1,WithMother,-23.218,5.18,30,42,4
W0706,2006,F,2006,1,WithMother,-22.888,5.24,19,39,4
W0706,2009,F,2006,4,SolitaryF,-23.242,4.27,61,56,4
W0706,2015,F,2006,10,WithCubs,-23.41,4.63,83.6,59,5
W0707,2006,F,2006,1,WithMother,-22.798,5.12,19,39,4
W0708,2006,M,2006,1,WithMother,-23.278,5.35,22,38.5,4
W0709,2006,F,2006,1,WithMother,-23.118,5.46,25,41.5,4
W0710,2006,M,2006,1,WithMother,-23.428,5.33,26,44.5,4
W0711,2006,M,2006,1,WithMother,-23.268,5.61,24,40,4
W0712,2006,F,2006,1,WithMother,-23.218,5.12,12,37.5,4
W0713,2006,F,2006,1,WithMother,-23.298,5.05,12,38,4
W0713,2007,F,2006,2,WithMother,-23.166,5.36,NA,NA,13
W0713,2009,F,2006,4,SolitaryF,-23.072,4.74,46,50,4
W0713,2012,F,2006,7,SolitaryF,-23.116,5.17,77,58,5
W0713,2014,F,2006,9,WithCubs,-23.302,4.68,62.8,56.5,4
W0716,2006,F,2001,6,NA,-23.068,4.13,89,61,5
W0716,2009,F,2001,9,WithCubs,-23.442,3.94,89,60,4
W0716,2011,F,2001,11,WithCubs,-23.218,4.49,87,60,5
W0716,2015,F,2001,15,SolitaryF,-23.11,4.09,117.8,62,5
W0717,2006,M,1996,11,SolitaryM,-23.238,6.13,218,81,5
W0717,2006,M,1996,11,SolitaryM,-23.018,5.83,218,81,5
W0718,2006,M,2000,7,SolitaryM,-23.298,5.66,208,77,5
W0718,2008,M,2000,9,SolitaryM,-23.354,5.4,192,76,4
W0718,2008,M,2000,9,SolitaryM,-23.534,4.98,192,76,4
W0718,2009,M,2000,10,SolitaryM,-23.412,5.95,180,72,4
W0718,2010,M,2000,11,SolitaryM,-23,6.72,171,70,4
W0719,2006,M,2002,5,SolitaryM,-23.388,5.69,114,62.5,5
W0719,2007,M,2002,6,SolitaryM,-23.126,5.34,170,67,4
W0719,2009,M,2002,8,SolitaryM,-23.442,5.67,142,63,4
W0719,2010,M,2002,9,SolitaryM,-23.3,5.53,152,67,4
W0719,2011,M,2002,10,SolitaryM,-23.338,5.82,143,66,4
W0719,2012,M,2002,11,SolitaryM,-23.606,6.9,159,68,4
W0720,2006,F,2000,7,NA,-23.268,4.75,75,58,6
W0720,2010,F,2000,11,WithCubs,-22.98,4.65,56,56,4
W0720,2014,F,2000,15,WithCubs,-23.102,4.48,76.6,59,4
W0801,2007,M,1988,20,SolitaryM,-22.906,6.18,180,80,4
W0802,2007,M,2003,5,SolitaryM,-22.896,5.58,NA,67,6
W0802,2008,M,2003,6,SolitaryM,-23.394,5.27,128,67,4
W0802,2009,M,2003,7,SolitaryM,-23.582,5.64,155,73,4
W0802,2010,M,2003,8,SolitaryM,-23.59,7,152,72,4
W0803,2007,M,1992,16,SolitaryM,-22.916,5.73,230,85,4
W0804,2007,M,2004,4,SolitaryM,-23.266,5.36,136,68,4
W0805,2007,M,2002,6,SolitaryM,-23.366,6.18,171,72,4
W0805,2008,M,2002,7,SolitaryM,-23.344,5.91,197,78,4
W0805,2009,M,2002,8,SolitaryM,-23.192,6.07,NA,81,4
W0805,2010,M,2002,9,SolitaryM,-23.13,6.81,200,80,4
W0805,2011,M,2002,10,SolitaryM,-23.148,6.55,207,78,4
W0805,2012,M,2002,11,SolitaryM,-23.446,6.6,215,84,5
W0806,2007,F,2007,1,WithMother,-23.026,4.14,15,39.5,4
W0806,2008,F,2007,2,SolitaryF,-23.244,3.71,26,45,4
W0806,2009,F,2007,3,SolitaryF,-23.462,3.93,45,47,4
W0806,2010,F,2007,4,SolitaryF,-22.79,4.59,51,51,4
W0806,2011,F,2007,5,SolitaryF,-22.928,4.49,67,54,4
W0806,2012,F,2007,6,SolitaryF,-23.036,5.09,77,57,5
W0807,2007,M,2007,1,WithMother,-23.146,4.3,15,39,4
W0808,2007,M,2007,1,WithMother,-23.336,4.92,14,37,4
W0808,2008,M,2007,2,WithMother,-22.794,4.39,39,45,4
W0809,2007,M,2007,1,WithMother,-23.166,5.25,17,42,4
W0809,2008,M,2007,2,WithMother,-22.754,4.75,46,47,4
W0810,2007,M,2007,1,WithMother,-23.316,4.95,24,43,4
W0810,2008,M,2007,2,WithMother,-22.874,4.06,48,50,4
W0810,2009,M,2007,3,SolitaryM,-23.432,4.25,78,55,4
W0810,2010,M,2007,4,SolitaryM,-23.79,6.17,102,64,4
W0811,2007,M,2007,1,WithMother,-23.216,4.83,22,42,4
W0811,2008,M,2007,2,WithMother,-22.864,3.96,45,48,4
W0811,2009,M,2007,3,SolitaryM,-23.212,4.29,70,52,4
W0811,2010,M,2007,4,SolitaryM,-22.87,5.22,76,61,4
W0811,2011,M,2007,5,SolitaryM,-23.528,4.88,143,70.5,8
W0811,2012,M,2007,6,SolitaryM,-23.666,5.24,NA,71,6
W0812,2007,M,2007,1,WithMother,-23.236,4.81,16,38,4
W0812,2008,M,2007,2,WithMother,-22.954,3.9,39,47,4
W0812,2009,M,2007,3,SolitaryM,-23.242,4.17,77,54,6
W0812,2010,M,2007,4,SolitaryM,-22.97,5.01,86,61,6
W0812,2011,M,2007,5,SolitaryM,-23.188,5.42,93,60,4
W0812,2012,M,2007,6,SolitaryM,-23.586,5.11,113,67,4
W0813,2008,F,2007,2,SolitaryF,-23.724,4.13,36,43,4
W0814,2007,F,2007,1,WithMother,-23.256,4.69,15,37.5,4
W0814,2008,F,2007,2,SolitaryF,-24.164,3.67,33,42,4
W0815,2007,M,2007,1,WithMother,-22.886,4.5,19,40.5,4
W0816,2007,F,2007,1,WithMother,-22.626,4.63,19,40.5,4
W0817,2007,F,2007,1,WithMother,-22.806,4.54,17,39,4
W0818,2007,F,2007,1,WithMother,-22.836,4.15,13,35.5,4
W0818,2008,F,2007,2,SolitaryF,-22.844,3.34,28,42,4
W0818,2010,F,2007,4,SolitaryF,-22.37,4.03,48,50,4
W0818,2011,F,2007,5,SolitaryF,-22.808,4.3,54.5,53,4
W0818,2012,F,2007,6,SolitaryF,-22.896,4.31,69,57,4
W0818,2015,F,2007,9,SolitaryF,-21.17,4.38,87.4,58,4
W0819,2007,F,2007,1,WithMother,-23.116,4.63,18,38,4
W0820,2007,F,2007,1,WithMother,-22.976,4.6,19,40,4
W0820,2008,F,2007,2,SolitaryF,-23.004,3.66,33,45,4
W0820,2009,F,2007,3,SolitaryF,-22.892,4.1,55,51,6
W0820,2010,F,2007,4,SolitaryF,-22.62,4.14,57,53.5,4
W0820,2011,F,2007,5,SolitaryF,-23.108,4.26,62,55,4
W0821,2007,M,2007,1,WithMother,-22.796,4.68,15,36.5,4
W0822,2007,M,2007,1,WithMother,-23.146,4.51,17.5,41.5,4
W0823,2007,F,2007,1,WithMother,-23.116,4.5,9.5,35,4
W0824,2007,M,2007,1,WithMother,-23.036,4.59,12.5,37,4
W0824,2008,M,2007,2,SolitaryM,-23.394,4.2,25,43,4
W0824,2010,M,2007,4,SolitaryM,-23.27,4.82,74,58,4
W0825,2007,F,2007,1,WithMother,-22.716,4.51,11.5,36,4
W0825,2008,F,2007,2,SolitaryF,-23.364,3.85,23,43,4
W0825,2011,F,2007,5,SolitaryF,-23.408,4.11,49.5,51,4
W0825,2012,F,2007,6,SolitaryF,-23.626,4.55,58,53,4
W0826,2007,F,1997,11,NA,-23.226,5.21,82,62,5
W0826,2009,F,1997,13,WithCubs,-22.792,4.11,83,62,4
W0827,2007,M,2004,4,SolitaryM,-23.556,4.14,111,65,6
W0827,2008,M,2004,5,SolitaryM,-23.314,5.14,129,68,4
W0827,2009,M,2004,6,SolitaryM,-23.452,5.8,NA,68,4
W0901,2008,M,2008,1,WithMother,-23.314,5.3,25,38,4
W0901,2009,M,2008,2,WithMother,-23.292,4.98,49,47,4
W0901,2010,M,2008,3,SolitaryM,-23.44,5.09,74,55,4
W0902,2008,M,2008,1,WithMother,-22.934,5.64,25,40,4
W0902,2009,M,2008,2,WithMother,-23.292,5.33,55,48,4
W0902,2010,M,2008,3,SolitaryM,-23.82,6.29,99,58,4
W0903,2008,M,2008,1,WithMother,-23.224,4.64,25,40.5,4
W0903,2009,M,2008,2,WithMother,-23.262,5.09,60,56,4
W0903,2010,M,2008,3,SolitaryM,-23.3,4.96,68,54,4
W0904,2008,F,2008,1,WithMother,-23.234,4.69,23,40,4
W0904,2009,F,2008,2,WithMother,-23.102,4.57,51,49,4
W0904,2011,F,2008,4,SolitaryF,-22.958,4.99,63,52,4
W0905,2008,M,2008,1,WithMother,-23.034,5.21,28,43.5,4
W0906,2008,M,2008,1,WithMother,-22.914,5.02,24,42,4
W0907,2008,M,2008,1,WithMother,-23.734,5.04,13,39,4
W0907,2009,M,2008,2,WithMother,-23.512,4.54,27,44,4
W0908,2008,M,2008,1,WithMother,-23.774,4.43,14,40,4
W0908,2009,M,2008,2,WithMother,-23.632,4.55,33,42,4
W0908,2011,M,2008,4,SolitaryM,-23.468,5.26,60,52,4
W0908,2012,M,2008,5,SolitaryM,-23.446,4.83,98,62,4
W0909,2008,M,2008,1,WithMother,-23.794,4.89,19,40,4
W0909,2009,M,2008,2,WithMother,-23.532,4.68,35,45,4
W0910,2008,M,2008,1,WithMother,-23.224,4.46,25,41,4
W0910,2010,M,2008,3,SolitaryM,-23.02,4.27,55,51,4
W0910,2011,M,2008,4,SolitaryM,-23.288,5.07,100,58,4
W0910,2012,M,2008,5,SolitaryM,-23.656,5.93,139,67,4
W0911,2008,M,2008,1,WithMother,-23.454,4.72,17,40,4
W0912,2008,M,2008,1,WithMother,-23.134,5.04,27,43.5,4
W0915,2008,M,2002,7,SolitaryM,-23.024,7.04,162,72,5
W0916,2008,M,2005,4,SolitaryM,-23.504,4.69,140,70,5
W0917,2008,M,2003,6,SolitaryM,-23.524,5.35,187,75,5
W1001,2009,M,2000,10,SolitaryM,-23.412,5.99,183,69,4
W1001,2010,M,2000,11,SolitaryM,-23.3,6.32,153,70,4
W1002,2009,M,2009,1,WithMother,-23.512,4.55,21,38,4
W1003,2009,M,2009,1,WithMother,-23.322,4.49,19,38,4
W1004,2009,M,2009,1,WithMother,-23.572,4.6,18,38,4
W1005,2009,M,2009,1,WithMother,-23.212,4.9,15.5,39,4
W1005,2010,M,2009,2,WithMother,-23.04,4.4,22,39,4
W1006,2009,F,2009,1,WithMother,-23.252,4.82,14.5,38,4
W1006,2010,F,2009,2,WithMother,-23.09,4.5,23,45.5,4
W1007,2009,M,2009,1,WithMother,-23.432,4.13,17.5,39,4
W1008,2009,M,2009,1,WithMother,-23.412,4.42,19,39.5,4
W1009,2009,F,2009,1,WithMother,-23.372,4.67,17,38,4
W1010,2009,M,2009,1,WithMother,-22.942,4.41,15.5,39,4
W1010,2011,M,2009,3,SolitaryM,-23.078,5.05,42,51,5
W1011,2009,F,2009,1,WithMother,-22.902,4.56,17,34,4
W1011,2012,F,2009,4,SolitaryF,-22.986,5.02,55.5,53,5
W1012,2009,M,2009,1,WithMother,-23.302,4.46,20,38,4
W1013,2009,M,2009,1,WithMother,-22.952,4.36,20,40.5,4
W1014,2009,M,2009,1,WithMother,-23.382,4.74,18,42,4
W1015,2009,M,2009,1,WithMother,-23.032,3.97,14,39,4
W1016,2009,M,2009,1,WithMother,-23.042,4.38,18,39.5,4
W1017,2009,F,2009,1,WithMother,-23.052,4.29,18,40,4
W1017,2012,F,2009,4,SolitaryF,-23.146,4.73,64,55,4
W1017,2015,F,2009,7,WithCubs,-23.18,4.54,86.8,57,5
W1018,2009,F,2003,7,NA,-23.202,4.18,90,61,5
W1019,2009,M,2004,6,SolitaryM,-23.852,5.62,168,73,5
W1019,2010,M,2004,7,SolitaryM,-23.4,5.9,206,79,4
W1019,2011,M,2004,8,SolitaryM,-23.568,6.94,233,81,4
W1020,2009,M,2004,6,SolitaryM,-23.562,6.83,190,73,5
W1020,2010,M,2004,7,SolitaryM,-24.01,5.91,178,72,4
W1101,2010,M,2010,1,WithMother,-22.66,4.56,12,38,4
W1102,2010,M,2010,1,WithMother,-22.62,4.74,15.5,39.5,4
W1103,2010,M,2010,1,WithMother,-23.52,5.18,14,38,4
W1103,2011,M,2010,2,SolitaryM,-22.998,4.86,30,43,4
W1103,2012,M,2010,3,SolitaryM,-23.156,4.35,72,56,4
W1104,2010,F,2010,1,WithMother,-22.62,4.7,16,39,4
W1105,2010,F,2010,1,WithMother,-22.63,4.46,17,38.5,4
W1106,2010,F,2010,1,WithMother,-22.6,4.66,10,36,4
W1107,2010,M,2010,1,WithMother,-22.6,4.43,11,39,4
W1108,2010,M,2010,1,WithMother,-22.87,4.54,13.5,39,4
W1109,2010,M,2010,1,WithMother,-22.88,4.53,17,40,4
W1110,2010,F,2010,1,WithMother,-22.84,4.51,14,39.5,4
W1110,2014,F,2010,5,SolitaryF,-23.212,4.67,62.2,52.5,4
W1110,2015,F,2010,6,SolitaryF,-23.42,4.94,82.5,56,4
W1111,2010,F,2010,1,WithMother,-23.14,4.41,8,36,4
W1112,2010,F,2010,1,WithMother,-23.35,4.94,18.5,40.5,4
W1112,2015,F,2010,6,WithCubs,-23.55,4.85,89.6,62,5
W1113,2010,M,2010,1,WithMother,-23.28,5,11.4,37,4
W1114,2010,F,2010,1,WithMother,-23.37,4.08,14,38,4
W1201,2011,M,2009,3,SolitaryM,-23.298,6.22,93,60,4
W1202,2011,F,2010,2,NA,-23.088,4.57,27.6,41.5,4
W1203,2011,F,2008,4,NA,-22.818,4.62,50,49,4
W1203,2012,F,2008,5,SolitaryF,-22.966,4.42,69,57,5
W1203,2015,F,2008,8,WithCubs,-23.91,5.17,77.8,56.5,5
W1204,2011,M,2011,1,WithMother,-23.878,5.57,18.5,37,5
W1205,2011,F,2011,1,WithMother,-23.438,5.79,20,40,5
W1205,2012,F,2011,2,WithMother,-23.516,4.99,43,48,4
W1205,2014,F,2011,4,SolitaryF,-23.552,5.42,74.5,55,4
W1206,2011,F,2011,1,WithMother,-23.338,5.47,22.5,40.5,5
W1206,2012,F,2011,2,WithMother,-23.426,5.18,NA,54,6
W1206,2014,F,2011,4,SolitaryF,-23.882,5.66,90.6,60,4
W1206,2015,F,2011,5,SolitaryF,-24.13,6.15,120,65,4
W1207,2011,M,2011,1,WithMother,-23.588,5.38,20,42,5
W1208,2011,M,2009,3,SolitaryM,-23.948,5.71,53.5,53,5
W1209,2011,F,2011,1,WithMother,-23.848,5.44,NA,37,5
W1209,2015,F,2011,5,SolitaryF,-23.36,4.56,55,52,4
W1210,2012,M,2008,5,SolitaryM,-23.576,4.6,85,62,4
W1211,2012,M,2000,13,SolitaryM,-23.436,6.09,172,72.5,4
W1301,2012,M,2012,1,WithMother,-23.696,5,17,39.5,4
W1302,2012,M,2012,1,WithMother,-23.816,4.81,17,40,4
W1303,2012,F,2012,1,WithMother,-23.356,5.46,19,40.5,4
W1304,2012,F,2012,1,WithMother,-23.316,5.66,19,39,4
W1304,2015,F,2012,4,SolitaryF,-23.43,4.75,48.8,49.5,4
W1305,2012,F,2012,1,WithMother,-23.206,4.8,21.5,36,4
W1305,2015,F,2012,4,SolitaryF,-23.2,4.83,72,55,4
W1306,2012,M,2012,1,WithMother,-23.146,4.83,23,41,4
W1307,2012,M,2012,1,WithMother,-23.646,4.99,10,35.5,4
W1308,2012,M,2012,1,WithMother,-23.536,4.86,15,36,4
W1309,2012,F,2012,1,WithMother,-22.296,5.3,21,40,4
W1310,2012,F,2012,1,WithMother,-22.086,4.66,18.5,41,4
W1311,2012,F,2012,1,WithMother,-22.306,5.01,17,37,4
W1312,2012,M,2008,5,SolitaryM,-22.576,4.62,89,58,5
W1313,2012,F,2004,9,NA,-22.556,4.61,85,62,5
W1314,2012,M,2009,4,SolitaryM,-22.596,4.8,118,68,5
W1315,2012,F,2012,1,WithMother,-23.086,4.61,15,38,5
W1316,2012,M,2012,1,WithMother,-23.196,4.52,17,40,5
W1317,2012,M,2012,1,WithMother,-23.276,4.7,15.5,40,5
W1318,2012,M,2005,8,SolitaryM,-23.136,6.35,173.5,72,5
W1319,2012,F,2009,4,NA,-22.636,4.93,73,58.5,5
W1319,2015,F,2009,7,WithCubs,-23.62,4.36,72.6,57,5
W1320,2011,M,2007,5,SolitaryM,-22.768,5.57,NA,NA,13
W1408,2015,F,2013,3,SolitaryF,-23.77,6.09,81.6,55,4
W1417,2015,F,NA,NA,WithCubs,-24.23,4.66,76,55,5
W1505,2015,F,NA,NA,SolitaryF,-23.43,4.6,112.6,61,4
W1614,2015,F,2015,1,WithMother,-23.59,4.73,17.8,37,5
W504,2007,NA,NA,NA,NA,-22.636,4.68,NA,NA,13
W8607,1996,M,1971,26,SolitaryM,-23.018,5.94,NA,74,4
W8607,1999,M,1971,29,SolitaryM,-23.552,8.39,205,77,4
W8807,1995,M,1984,12,SolitaryM,-22.88,5.06,145,66,4
W8807,1997,M,1984,14,SolitaryM,-23.106,5.6,168,74,4
W8807,1999,M,1984,16,SolitaryM,-23.012,5.81,150,69,4
W8807,2001,M,1984,18,SolitaryM,-22.988,6.36,NA,72,4
W8807,2003,M,1984,20,SolitaryM,-23.374,5.35,170,73,4
W8808,1995,F,1981,15,WithCubs,-23.1,3.92,94,62,4
W8808,1996,F,1981,16,SolitaryF,-22.868,4.19,111,62,7
W8808,1998,F,1981,18,WithCubs,-22.884,4.21,90,61,4
W8808,2002,F,1981,22,WithCubs,-22.926,4.22,83,62,4
W8811,1995,F,1978,18,WithCubs,-22.73,4.69,102,64,4
W8811,1996,F,1978,19,WithCubs,-22.698,4.99,104,62,4
W8811,1998,F,1978,21,SolitaryF,-22.714,6.1,140,64,4
W8904,1996,F,1987,10,WithCubs,-23.158,5.13,100,62,4
W8904,1999,F,1987,13,WithCubs,-22.882,5.17,107,60,4
W8904,2002,F,1987,16,WithCubs,-23.226,4.39,84,60,4
W8904,2005,F,1987,19,WithCubs,-23.55,4.75,91,61,4
W8905,1995,F,1987,9,WithCubs,-22.77,4.29,85,59,4
W8905,1996,F,1987,10,SolitaryF,-22.968,4.98,90,58,6
W8906,1996,F,1981,16,WithCubs,-23.158,4.44,118,65,4
W8906,1998,F,1981,18,WithCubs,-22.964,4.82,110,66,4
W8906,2000,F,1981,20,WithCubs,-22.82,4.72,125,69,4
W8906,2002,F,1981,22,WithCubs,-23.036,4.65,97,65,4
W8906,2004,F,1981,24,WithCubs,-23.852,3.89,127,70,4
W9003,1996,F,1989,8,WithCubs,-22.838,5.03,103,59,4
W9003,1998,F,1989,10,WithCubs,-23.044,4.41,104,61,4
W9003,2000,F,1989,12,WithCubs,-23.02,5.1,112,62,4
W9006,1993,M,1989,5,SolitaryM,-22.814,5.49,NA,73,4
W9006,1995,M,1989,7,SolitaryM,-22.87,5.84,220,78.5,4
W9006,1997,M,1989,9,SolitaryM,-23.026,5.85,226,80,4
W9006,1999,M,1989,11,SolitaryM,-22.712,5.75,221,78,4
W9006,2001,M,1989,13,SolitaryM,-22.988,5.53,219,81,4
W9007,2001,F,1986,16,WithCubs,-22.968,4.25,90,62,4
W9007,2003,F,1986,18,WithCubs,-23.044,4.19,98,62,4
W9008,1995,F,1986,10,WithCubs,-23.56,3.26,95,60,4
W9008,1997,F,1986,12,WithCubs,-23.466,3.92,102,62,4
W9008,1999,F,1986,14,WithCubs,-23.362,3.92,111,61,4
W9008,2001,F,1986,16,WithCubs,-23.488,3.99,96,63,4
W9011,1999,M,1984,16,SolitaryM,-23.482,7.25,201,75,4
W9011,2001,M,1984,18,SolitaryM,-23.888,8.42,219,79,4
W9011,2004,M,1984,21,SolitaryM,-23.952,8.39,NA,78,5
W9101,1996,F,1990,7,SolitaryF,-22.908,4.66,80,55,4
W9101,1997,F,1990,8,WithCubs,-23.316,4.09,95,62,4
W9101,2000,F,1990,11,WithCubs,-22.95,4.29,93,61,4
W9101,2002,F,1990,13,WithCubs,-22.966,4.6,81,61,4
W9101,2004,F,1990,15,WithCubs,-23.502,4.46,106,64,4
W9202,1995,M,1991,5,SolitaryM,-22.58,5.37,102,62,4
W9202,1996,M,1991,6,SolitaryM,-22.818,6.6,121,64,4
W9202,1997,M,1991,7,SolitaryM,-23.046,6.19,150,71,4
W9206,1996,M,1991,6,SolitaryM,-23.438,5.37,181,72,4
W9207,1995,F,1991,5,WithCubs,-23.55,3.54,76,56,4
W9208,1992,F,1991,2,SolitaryF,-22.696,3.87,39.5,50,4
W9208,1995,F,1991,5,SolitaryF,-22.57,4.58,101,61.5,4
W9208,1996,F,1991,6,WithCubs,-22.968,5.37,99,59,4
W9301,1999,M,1989,11,SolitaryM,-23.252,6.73,234,78,4
W9301,2000,M,1989,12,SolitaryM,-23.27,6.72,215,78,4
W9301,2002,M,1989,14,SolitaryM,-22.966,5.59,209,82,4
W9301,2004,M,1989,16,SolitaryM,-23.752,4.49,79.5,82,4
W9301,2006,M,1989,18,SolitaryM,-23.278,5.57,234,83,4
W9301,2007,M,1989,19,SolitaryM,-23.216,4.87,188,79,4
W9301,2008,M,1989,20,SolitaryM,-23.234,4.82,186,79,4
W9301,2009,M,1989,21,SolitaryM,-23.012,6.18,170,78,4
W9306,1995,F,1992,4,SolitaryF,-22.73,4.36,90,58,7
W9306,1997,F,1992,6,WithCubs,-22.996,3.8,84,58,4
W9307,1995,F,1992,4,SolitaryF,-22.94,4.47,70,55,4
W9307,1996,F,1992,5,SolitaryF,-23.228,4.79,63,57,4
W9307,1999,F,1992,8,WithCubs,-23.012,4.77,89,59,4
W9307,2001,F,1992,10,WithCubs,-23.118,4.59,89,59,4
W9307,2003,F,1992,12,WithCubs,-23.684,4.48,110,65,4
W9308,1995,F,1988,8,SolitaryF,-22.7,5.17,109,63,7
W9308,1997,F,1988,10,WithCubs,-22.796,4.26,95,63,4
W9308,2002,F,1988,15,WithCubs,-22.846,4.34,101,65,4
W9308,2005,F,1988,18,WithCubs,-23.02,4.25,93,66,5
W9308,2008,F,1988,21,WithCubs,-22.924,4.08,110,70,4
W9310,1995,F,1992,4,SolitaryF,-22.94,4.68,85,59,4
W9310,1997,F,1992,6,WithCubs,-22.656,3.99,90,62,4
W9310,1999,F,1992,8,WithCubs,-23.012,3.87,100,60,4
W9310,2002,F,1992,11,WithCubs,-22.976,3.2,88,64,4
W9311,1995,M,1992,4,SolitaryM,-22.69,4.42,112,65,4
W9311,1996,M,1992,5,SolitaryM,-22.948,4.78,145,67,4
W9311,1998,M,1992,7,SolitaryM,-23.184,5.41,179,74,4
W9311,2000,M,1992,9,SolitaryM,-23.08,5.17,226,82,4
W9311,2002,M,1992,11,SolitaryM,-23.046,5.18,218,82,4
W9311,2003,M,1992,12,SolitaryM,-23.594,4.98,210,82,6
W9401,1995,M,1993,3,SolitaryM,-22.78,4.95,83,59,4
W9401,1996,M,1993,4,SolitaryM,-23.168,4.94,125,65,4
W9401,2000,M,1993,8,SolitaryM,-23.07,4.58,208,78,4
W9401,2002,M,1993,10,SolitaryM,-23.006,4.88,210,81,4
W9402,1996,F,1993,4,SolitaryF,-22.878,5.73,79,55,7
W9403,1995,F,1993,3,SolitaryF,-23.24,3.96,52,50,4
W9403,1996,F,1993,4,SolitaryF,-22.668,4.55,77,54,4
W9403,1999,F,1993,7,WithCubs,-22.742,4.89,102,58,4
W9403,2001,F,1993,9,WithCubs,-22.858,4.47,80,58,4
W9403,2003,F,1993,11,SolitaryF,-22.994,4.7,105,61.5,6
W9403,2005,F,1993,13,WithCubs,-23.36,4.41,90,62,5
W9403,2006,F,1993,14,WithCubs,-23.148,4.82,90,61,5
W9403,2008,F,1993,16,WithCubs,-23.294,4.08,92,63,4
W9403,2009,F,1993,17,WithCubs,-23.192,4.52,87,57,4
W9403,2011,F,1993,19,SolitaryF,-22.868,5.02,NA,62,5
W9403,2012,F,1993,20,WithCubs,-23.276,5.18,93,62.5,4
W9404,1995,F,1993,3,SolitaryF,-22.78,3.73,68,53,4
W9404,1996,F,1993,4,SolitaryF,-22.978,4.23,83.5,56,6
W9404,1998,F,1993,6,WithCubs,-23.064,4.05,89,57,4
W9404,2001,F,1993,9,WithCubs,-23.298,4.11,104,64,4
W9404,2003,F,1993,11,SolitaryF,-23.034,4.38,105,63,6
W9407,1995,M,1993,3,SolitaryM,-22.9,3.74,68,56,4
W9502,1999,F,1994,6,WithCubs,-22.902,4.97,104,63,4
W9502,2001,F,1994,8,WithCubs,-23.278,4.2,88,62,4
W9502,2003,F,1994,10,WithCubs,-23.574,3.85,100,64,4
W9504,1995,F,1994,2,SolitaryF,-22.91,4.52,35,46.5,5
W9504,1996,F,1994,3,SolitaryF,-22.908,4.8,76,NA,6
W9504,1999,F,1994,6,WithCubs,-22.852,4.99,82,57,4
W9505,1995,M,1988,8,SolitaryM,-23.06,5.21,189,76,4
W9505,1996,M,1988,9,SolitaryM,-23.198,5.86,NA,77,4
W9505,2001,M,1988,14,SolitaryM,-23.318,6.15,215,82,4
W9505,2003,M,1988,16,SolitaryM,-23.624,6.2,228,83,4
W9506,1996,M,1994,3,SolitaryM,-23.008,4.07,53,50,4
W9506,1998,M,1994,5,SolitaryM,-22.574,4.85,134,67,4
W9507,1995,F,1994,2,SolitaryF,-23.31,3.64,28,42,4
W9507,1996,F,1994,3,SolitaryF,-22.828,4.36,43,44,4
W9507,1997,F,1994,4,SolitaryF,-22.836,4.37,65,54,4
W9507,1998,F,1994,5,SolitaryF,-22.554,4.74,82,59,4
W9508,1995,M,1994,2,SolitaryM,-23.67,3.84,42,49,4
W9508,1996,M,1994,3,SolitaryM,-23.198,4.96,96.5,58,4
W9510,1995,M,1994,2,SolitaryM,-23.32,3.4,44,48,4
W9510,1996,M,1994,3,SolitaryM,-23.768,7.74,77,53,5
W9511,1995,F,1985,11,SolitaryF,-22.61,4.23,99,62,7
W9601,1996,F,1995,2,SolitaryF,-22.738,5.13,41,46,4
W9601,1997,F,1995,3,SolitaryF,-23.096,4.87,72,54,4
W9602,1995,F,1995,1,WithMother,-23.03,4.86,18,39,4
W9602,1996,F,1995,2,SolitaryF,-22.388,5.12,45,45,4
W9603,1995,M,1995,1,WithMother,-23.24,5.11,26.5,41,4
W9605,1996,F,1995,2,WithMother,-22.448,4.81,53,47,4
W9605,1997,F,1995,3,SolitaryF,-22.206,6.16,64,57,4
W9606,1995,F,1995,1,WithMother,-23.77,4.67,21,41,4
W9607,1995,F,1995,1,WithMother,-23.67,4.54,21,40,4
W9608,1995,M,1995,1,WithMother,-23.86,3.79,24,40,4
W9609,1995,M,1995,1,WithMother,-23.72,3.87,23,40,4
W9609,1997,M,1995,3,SolitaryM,-22.966,4.35,73,56,4
W9610,1995,M,1995,1,WithMother,-23.7,3.99,26,42,4
W9610,1997,M,1995,3,SolitaryM,-23.036,4.04,71,56,4
W9611,1996,M,1995,2,SolitaryM,-23.108,4.57,33,44,4
W9611,1997,M,1995,3,SolitaryM,-22.966,4.16,61,52,4
W9611,1998,M,1995,4,SolitaryM,-23.004,5.12,NA,61,8
W9612,1995,M,1995,1,WithMother,-23.27,4.8,28,43,4
W9612,1996,M,1995,2,SolitaryM,-22.858,4.43,49.5,50,4
W9612,1997,M,1995,3,SolitaryM,-23.126,4.75,81,59,4
W9612,1998,M,1995,4,SolitaryM,-23.234,5.55,135,67,4
W9613,1995,F,1995,1,WithMother,-23.48,4.44,26,43,4
W9614,1995,M,1995,1,WithMother,-22.98,4.83,25,40,4
W9614,1997,M,1995,3,SolitaryM,-23.006,4.51,71,53,4
W9615,1995,F,1995,1,WithMother,-23.06,4.48,21,39.5,4
W9615,2002,F,1995,8,WithCubs,-22.696,4.35,92,58,4
W9615,2004,F,1995,10,WithCubs,-23.112,3.88,95,62,4
W9615,2006,F,1995,12,WithCubs,-23.158,4.95,106,63,4
W9615,2008,F,1995,14,WithCubs,-22.964,4.36,105,63,4
W9615,2010,F,1995,16,WithCubs,-22.37,4.61,90,58,4
W9701,1996,M,1996,1,WithMother,-23.528,4.77,35.5,39,4
W9702,1996,M,1996,1,WithMother,-23.538,4.88,35,40,4
W9703,1996,F,1996,1,WithMother,-22.718,5.85,37,43,4
W9704,1996,M,1996,1,WithMother,-23.138,5.66,43,45,4
W9705,1996,M,1996,1,WithMother,-22.958,5.52,34,43.5,4
W9801,1997,M,1997,1,WithMother,-23.366,4.63,25.5,41,4
W9802,1997,M,1983,15,SolitaryM,-23.266,6.38,172,74,4
W9803,1997,F,1997,1,WithMother,-22.986,5.23,28,43,4
W9804,1997,F,1997,1,WithMother,-23.276,4.81,27,43,4
W9804,2000,F,1997,4,SolitaryF,-22.75,4.3,71,54.5,4
W9804,2002,F,1997,6,WithCubs,-22.876,4.13,64,56,4
W9805,1997,F,1997,1,WithMother,-23.326,4.8,25,40,4
W9806,1997,F,1996,2,NA,-22.786,4.43,43,47,4
W9806,1998,F,1996,3,SolitaryF,-22.734,4.54,62,54,4
W9806,1999,F,1996,4,SolitaryF,-22.652,4.86,NA,58,4
W9806,2004,F,1996,9,WithCubs,-23.222,4.29,94,64,4
W9806,2006,F,1996,11,WithCubs,-23.318,4.63,91,64,4
W9807,1998,M,1988,11,SolitaryM,-23.234,7.37,178,74,4
W9807,2002,M,1988,15,SolitaryM,-22.816,4.17,NA,NA,13
W9808,1997,F,1997,1,WithMother,-23.336,4.51,24,42,4
W9808,2000,F,1997,4,NA,-22.9,4.3,NA,NA,13
W9809,1997,M,1997,1,WithMother,-23.276,4.38,25,43,4
W9811,1997,M,1985,13,SolitaryM,-23.116,5.99,180,73,4
W9811,1998,M,1985,14,SolitaryM,-23.114,4.53,175,76,4
W9811,2001,M,1985,17,SolitaryM,-23.358,5.45,184,73,4
W9812,1997,F,1997,1,WithMother,-23.216,4.94,20,42,4
W9812,1997,F,1997,1,WithMother,-22.666,4.6,20,42,4
W9812,1999,F,1997,3,SolitaryF,-22.712,5.34,63,55,6
W9813,1997,M,1997,1,WithMother,-22.786,5.29,29,44,4
W9814,1997,F,1997,1,WithMother,-22.806,5.3,23,42,4
W9814,2000,F,1997,4,SolitaryF,-22.91,4.57,67,54,4
W9814,2003,F,1997,7,WithCubs,-22.964,3.84,87,61,4
W9814,2006,F,1997,10,WithCubs,-22.858,4.17,85,62,4
W9814,2009,F,1997,13,WithCubs,-23.162,4.16,86,63,4
W9814,2011,F,1997,15,SolitaryF,-22.848,5.55,86,62,5
W9901,1998,M,1993,6,SolitaryM,-22.984,5.84,149,68.5,4
W9902,1998,F,1998,1,WithMother,-22.984,5.94,45,46,4
W9903,1998,F,1997,2,NA,-23.034,3.73,44,48,4
W9903,2001,F,1997,5,NA,-22.808,3.86,75,57,6
W9903,2004,F,1997,8,WithCubs,-22.732,4.01,75,60,4
W9903,2007,F,1997,11,WithCubs,-22.796,4.07,71,61,4
W9903,2009,F,1997,13,WithCubs,-22.812,4.27,78,63,4
W9904,1998,F,1994,5,WithCubs,-22.184,5.21,111,60,4
W9905,1998,F,1998,1,WithMother,-21.804,7.33,26,41,4
W9907,1998,M,1998,1,WithMother,-22.594,4.86,29,42,4
W9907,1999,M,1998,2,NA,-22.492,4.76,55,47,4
W9908,1998,F,1998,1,WithMother,-22.884,4.69,23,41.5,4
W9908,1999,F,1998,2,SolitaryF,-22.622,4.46,51,49,6
W9909,2002,F,1989,14,WithCubs,-23.016,3.86,78,66,4
W9909,2005,F,1989,17,WithCubs,-23.41,4.75,109,65,4
W9910,1998,F,1998,1,WithMother,-22.954,5,27,50,6
W9911,1998,F,1998,1,WithMother,-23.104,4.92,22.5,38,4
W9912,1998,F,1998,1,WithMother,-22.994,4.79,21,39,4
W9913,1998,F,1998,1,WithMother,-23.084,4.34,23,40,4
W9913,2001,F,1998,4,SolitaryF,-22.668,4.47,90,57,4
W9913,2003,F,1998,6,WithCubs,-23.004,3.67,101,60,4
W9913,2005,F,1998,8,WithCubs,-23.33,3.99,99,62,5
W9914,1998,F,1998,1,WithMother,-22.934,4.67,22,41,4
W9914,2001,F,1998,4,SolitaryF,-22.608,4.37,79,56,4
W9914,2005,F,1998,8,WithCubs,-22.8,4.51,94,63,5
W9914,2008,F,1998,11,WithCubs,-23.024,4.43,95,63,4
W9914,2012,F,1998,15,WithCubs,-23.476,4.58,98,61,4
W9915,1998,M,1998,1,WithMother,-23.014,4.31,26,42,4
W9916,1998,M,1994,5,SolitaryM,-23.244,5.26,140,62,4
W9916,2001,M,1994,8,SolitaryM,-23.168,5.06,148,66,4
W9916,2002,M,1994,9,SolitaryM,-22.936,4.87,140,67,6
W9917,1998,M,1995,4,SolitaryM,-23.004,4.85,NA,63,8
W9918,1998,M,1998,1,WithMother,-22.844,5.1,26,41,4
W9918,1999,M,1998,2,SolitaryM,-22.882,5,54,48,4
W9918,2000,M,1998,3,SolitaryM,-23.23,5.13,75,57,4
W9918,2001,M,1998,4,SolitaryM,-22.558,5.66,99,60,4
W9919,1998,F,1998,1,WithMother,-22.894,5.26,22,40,4
W9920,1998,M,1998,1,WithMother,-22.894,5.07,23,40,4
W9920,1999,M,1998,2,SolitaryM,-23.322,5.16,46,45,4
W9921,1998,M,1991,8,SolitaryM,-23.134,5.98,156,70,4
W9921,1999,M,1991,9,SolitaryM,-23.172,6.14,194,72,4
W9921,1999,M,1991,9,SolitaryM,-23.242,4.93,194,72,4
W0217,2013,F,2001,12,WithCubs,-23.294,4.55,82.5,59,4
W0517,2013,F,2005,12,WithCubs,-23.224,4.15,76,55,4
W0605,2013,F,2005,8,WithCubs,-23.114,4.51,89,58,4
W0620,2013,F,2005,8,WithCubs,-23.294,4.72,94,59,4
W0623,2013,F,2006,8,WithCubs,-23.394,3.34,79,58,4
W0706,2013,F,2001,7,WithCubs,-22.964,4.42,73,57,4
W0716,2013,F,2000,12,WithCubs,-23.584,4.2,87.5,57,4
W0720,2013,M,2012,13,WithCubs,-23.094,4.27,60,55,4
W1301,2013,M,2012,1,WithMother,-23.544,4.91,56,51,4
W1302,2013,M,2012,1,WithMother,-23.574,4.88,51.5,49,4
W1307,2013,M,2012,1,WithMother,-23.754,4.69,31.5,43,4
W1308,2013,F,2013,1,WithMother,-23.694,4.63,39,45,4
W1401,2013,M,2013,0,WithMother,-23.664,4.61,14.5,37,4
W1402,2013,M,2013,0,WithMother,-23.644,4.73,17,40,4
W1403,2013,M,2013,0,WithMother,-23.424,4.9,18,41.5,4
W1404,2013,F,2013,0,WithMother,-23.424,4.95,16,42,4
W1405,2013,M,2013,0,WithMother,-23.354,5.58,15,39,4
W1406,2013,F,2013,0,WithMother,-23.404,5.51,15.5,38.5,4
W1407,2013,F,2013,0,WithMother,-23.684,5.14,22,39,4
W1408,2013,M,2013,0,WithMother,-23.714,5.73,25,41.5,4
W1409,2013,F,2013,0,WithMother,-23.834,5.5,27,42,4
W1410,2013,F,2013,0,WithMother,-23.224,5.03,20,40,4
W1411,2013,M,2013,0,WithMother,-23.464,5.16,24,41,4
W1412,2013,M,2013,0,WithMother,-23.784,4.3,22,41,4
W1413,2013,M,2013,0,WithMother,-23.504,5.11,16,38,4
W1414,2013,F,2013,0,WithMother,-23.444,4.86,19,39,4
W1415,2013,F,1997,0,WithMother,-23.824,5.23,17.2,40,5
W9903,2013,F,2005,16,WithCubs,-23.134,3.97,82,59,4
W0605,2016,F,2005,11,WithCubs,-23.148,4.23,86,60,4
W0621,2016,F,2000,11,WithCubs,-22.768,3.67,82.8,59,5
W0720,2016,F,2009,16,WithCubs,-23.408,4.13,71.4,59,4
W1011,2016,F,2011,7,WithCubs,-22.808,3.96,NA,57,5
W1205,2016,F,NA,5,WithCubs,-23.718,4.28,83,57,4
W1418,2016,F,NA,NA,WithCubs,-23.248,3.89,96.8,60,4
W1508,2016,F,2016,NA,WithCubs,-23.838,4.6,82,58,5
W1701,2016,F,2012,0,WithMother,-23.628,4.94,17.5,38,4
W1304,2013,F,2017,1,SolitaryF,-23.744,4.75,33,42,2
W1815,2018,F,2016,1,SolitaryF,-22.824,4.12,32,42,4
W1702,2016,F,2016,0,WithMother,-23.348,5.02,22,40,4
W1702,2018,F,2019,2,SolitaryF,-22.624,4.48,53,44,4
W2012,2020,M,2016,1,SolitaryF,-22.83,3.45,28.5,44,5
W1704,2016,F,2014,0,WithMother,-23.298,5.15,24,40,4
W1509,2016,F,2018,2,SolitaryF,-23.518,4.03,39.5,45,3
W1911,2019,M,2016,1,SolitaryF,-23.322,4.14,40,45,4
W1705,2016,F,2016,0,WithMother,-23.018,4.32,22,40,4
W1707,2016,F,2018,0,WithMother,-23.428,4.87,20.5,40,4
W1909,2020,F,2019,2,SolitaryF,-22.97,3.8,43.2,46,4
W2026,2020,F,2015,1,SolitaryF,-22.76,3.72,34.4,46,5
W1608,2016,F,2019,1,SolitaryF,-22.268,3.51,42.4,47,2
W2025,2020,F,2016,1,SolitaryF,-22.98,3.76,35.4,47,5
W1708,2016,F,2016,0,WithMother,-23.628,5.17,17.5,41,5
W1709,2016,F,2012,0,WithMother,-23.428,4.73,21,39,5
W1303,2013,F,2016,1,SolitaryF,-23.854,4.88,43,48,2
W1708,2017,F,2017,1,SolitaryF,-23.796,4.4,39.8,48,5
W1803,2019,F,2017,2,SolitaryF,-23.882,4.31,53,48,4
W1815,2019,F,2016,2,SolitaryF,-23.062,3.91,42,48,4
W1710,2016,F,2016,0,WithMother,-23.098,4.45,16.5,36,5
W1711,2016,F,2012,0,WithMother,-23.198,4.25,19,37,5
W1305,2013,F,2016,1,SolitaryF,-23.814,4.31,49,48.5,2
W1712,2016,F,2017,0,WithMother,-23.188,4.06,15,38,5
W1821,2019,F,2015,2,SolitaryF,-23.062,3.52,48.4,49.5,5
W1608,2017,F,2016,2,SolitaryF,-20.506,4.6,52,50,5
W1701,2018,F,2016,2,SolitaryF,-23.764,5.08,46,50,4
W1704,2018,F,2017,2,SolitaryF,-22.744,3.77,51.4,50,4
W1806,2020,F,2016,3,SolitaryF,-23.07,4.22,60,50,4
W1713,2016,F,2010,0,WithMother,-23.318,3.9,18,36,5
W1110,2013,F,2012,3,SolitaryF,-23.184,4.28,57.5,51,4
W1304,2016,F,2016,4,SolitaryF,-23.118,4.32,60.6,51,4
W1702,2019,F,2016,3,SolitaryF,-22.712,4.36,56.2,51,4
W1709,2019,F,2017,3,SolitaryF,-23.282,4.61,59,51,4
W1815,2020,F,2017,3,SolitaryF,-23.28,4.73,63,51,4
W1823,2019,F,2018,2,SolitaryF,-23.052,3.12,50,51,5
W1911,2020,F,2016,2,SolitaryF,-23.15,4.69,50,51,4
W1704,2019,F,2010,3,SolitaryF,-22.612,3.85,60,51.5,4
W1105,2013,F,2011,3,SolitaryF,-23.034,4.78,61,52,4
W1205,2013,F,2013,2,SolitaryF,-23.174,4.35,59,52,4
W1401,2016,F,2014,3,SolitaryF,-23.328,3.95,58.5,52,4
W1512,2016,F,2011,2,SolitaryF,-23.338,4.16,55,52,4
W1206,2013,F,2012,2,SolitaryF,-23.174,4.45,63,53,4
W1304,2018,F,2016,6,SolitaryF,-22.884,4.13,70,53,5
W1701,2019,M,2016,3,SolitaryF,-23.522,5.16,78,53,4
W1714,2016,F,2015,0,WithMother,-23.348,4.04,17.5,40,5
W1608,2018,F,2015,3,SolitaryF,-21.684,4.17,65,53.5,5
W1901,2018,F,2009,NA,NA,-22.544,4.17,66,54,4
W1011,2013,F,2014,4,SolitaryF,-23.014,4.84,71,54,4
W1512,2018,F,2016,4,SolitaryF,-22.924,4.13,NA,54,4
W1707,2019,F,2017,3,SolitaryF,-22.792,4.15,66.2,54,4
W1803,2020,F,2017,3,SolitaryF,-23.9,4.9,60,54,4
W1813,2020,F,1993,3,SolitaryF,-22.85,3.81,60,54,4
W9403,2016,F,2014,23,WithCubs,-23.018,4.25,90,59,4
W1502,2018,F,2014,4,NA,-22.554,5.15,66,55,5
W2016,2019,F,2016,5,NA,-21.882,4.65,68.8,55,4
W2103,2020,F,2017,4,NA,-22.98,4.12,80,55,4
W2113,2020,F,2009,3,NA,-22.83,3.99,70,55,4
W1017,2013,F,2016,4,SolitaryF,-23.344,4.61,75,55,4
W1708,2018,F,2016,2,SolitaryF,-23.084,4.66,63,55,4
W1709,2020,F,2017,4,SolitaryF,-22.94,4.66,86,55,4
W1819,2020,F,2001,3,SolitaryF,-23.51,4.18,74,55,5
W0219,2017,F,2005,16,WithCubs,-23.826,3.62,96.4,62,5
W0623,2017,F,2015,12,WithCubs,-23.376,3.17,88.4,61,5
W1604,2018,F,2005,3,SolitaryF,-22.564,4.47,71.4,55.5,4
W0610,2013,F,2014,8,SolitaryF,-23.004,4.49,74,56,4
W1509,2017,F,2014,3,SolitaryF,-23.356,3.89,69.8,56,4
W1509,2018,F,2016,4,SolitaryF,-23.124,4.54,72,56,4
W1702,2020,F,2016,4,SolitaryF,-23.07,4.67,68,56,4
W1707,2020,F,2016,4,SolitaryF,-22.96,4.48,67.6,56,5
W1708,2019,F,NA,3,SolitaryF,-23.222,4.51,75,56,4
W1914,2019,F,NA,NA,SolitaryF,-22.392,4.71,77.5,56,4
W1914,2020,F,2016,NA,SolitaryF,-23.35,5.08,89,56,5
W2019,2020,F,2007,4,SolitaryF,-23.6,4.45,NA,56,5
W0806,2013,F,2012,6,SolitaryF,-23.244,4.16,75,56.5,4
W1502,2019,F,2012,5,NA,-23.052,5.94,NA,57,5
W2024,2019,F,2016,7,NA,-22.812,5.24,88,57,5
W1701,2020,F,2016,4,SolitaryF,-23.7,5.69,102.5,57,4
W1708,2020,F,NA,4,SolitaryF,-23.27,4.9,NA,57,4
W1901,2019,F,NA,NA,SolitaryF,-22.632,4.44,71,57,4
W2030,2020,F,2006,NA,SolitaryF,-22.99,4.08,69,57,5
W0706,2017,F,2000,11,WithCubs,-23.356,3.68,87,61,5
W0720,2017,F,2009,17,WithCubs,-23.056,4.26,87.4,63,4
W1017,2017,F,2008,8,WithCubs,-23.646,4.06,90,59.5,5
W1203,2017,F,2012,9,WithCubs,-19.296,4.47,85.8,58,5
W1310,2017,F,2016,5,WithCubs,-22.986,4.54,87.6,60,5
W2019,2019,F,2012,3,NA,-23.662,4.2,79,57.5,4
W1311,2017,F,2009,5,WithCubs,-23.226,3.56,73,58,5
W1417,2013,F,2015,NA,NA,-23.324,4.65,77,58,6
W1614,2019,F,2015,4,NA,-23.512,3.78,82,58,5
W2115,2020,F,2007,NA,NA,-22.91,4.03,NA,58,5
W0818,2013,F,2011,6,SolitaryF,-23.314,4.13,75,58,6
W1209,2018,F,2014,7,SolitaryF,-23.774,4.49,83.4,58,5
W1512,2017,F,NA,3,SolitaryF,-22.816,4.19,72,58,4
W1417,2017,F,NA,NA,WithCubs,-22.976,3.51,76,60,5
W1418,2017,F,NA,NA,WithCubs,-23.046,3.94,95,61,5
W1505,2017,F,2016,NA,WithCubs,-22.786,4.07,111,64,4
W1702,2017,M,2016,1,WithMother,-23.386,4.22,43,49,5
W1703,2017,F,2016,1,WithMother,-23.596,4.09,55.5,55,5
W1704,2017,M,2016,1,WithMother,-22.996,3.99,46,48,5
W1705,2017,M,2016,1,WithMother,-23.126,3.93,45.8,50,5
W1706,2017,F,2016,1,WithMother,-23.226,3.96,46.5,52,4
W1707,2017,F,2007,1,WithMother,-23.006,3.95,39.2,47,4
W0825,2013,F,2010,6,SolitaryF,-23.604,4.35,75,59,4
W1110,2016,F,2008,6,SolitaryF,-22.958,4.2,87.4,59,4
W1203,2013,F,2012,5,SolitaryF,-23.234,4.2,67,59,6
W1311,2018,M,2017,6,SolitaryF,-23.194,5.15,71.6,59,5
W1802,2017,F,2017,0,WithMother,-23.846,5.01,22.8,43,4
W1803,2017,F,2017,0,WithMother,-23.956,5.05,24.8,41,4
W1805,2017,F,2017,0,WithMother,-23.286,4.46,NA,NA,5
W1806,2017,M,2017,0,WithMother,-20.506,4.6,17,39.5,5
W1807,2017,F,2017,0,WithMother,-20.186,4.4,15.4,38,5
W1808,2017,M,2017,0,WithMother,-22.926,3.76,13.6,34,5
W1809,2017,F,2017,0,WithMother,-22.826,3.57,16.5,39,5
W1810,2017,M,2017,0,WithMother,-23.046,3.62,14,38,5
W1811,2017,M,2017,0,WithMother,-23.156,3.67,15.2,36,5
W1812,2017,F,2017,0,WithMother,-23.056,4.03,21,40,5
W1813,2017,F,2011,0,WithMother,-23.056,3.96,22,40,5
W1209,2017,M,2017,6,SolitaryF,-23.476,4.64,77,59.5,4
W1814,2017,F,2000,0,WithMother,-23.286,4.66,21.6,40.5,5
W0425,2013,F,2007,13,SolitaryF,-23.284,4.48,99,60,4
W0818,2016,F,2017,9,SolitaryF,-22.968,4.11,88,60,4
W1815,2017,M,2017,0,WithMother,-23.456,4.93,19.4,39,5
W1816,2017,F,2017,0,WithMother,-23.476,4.05,25,42,5
W1817,2017,M,2017,0,WithMother,-23.476,4.02,21,40,5
W1818,2017,F,2017,0,WithMother,-23.616,3.38,21,39.5,5
W1819,2017,M,2017,0,WithMother,-23.456,3.4,19,40.5,5
W1820,2017,F,2005,0,WithMother,-23.626,4.16,25,41,5
W0605,2020,F,2017,15,SolitaryF,-23.16,5.36,104,60.5,4
W1821,2017,F,2012,0,WithMother,-23.466,3.73,24,45,5
W1310,2018,M,2017,6,SolitaryF,-18.984,4.67,82,61,5
W1822,2017,F,2017,0,WithMother,-23.406,3.54,26,46,5
W1823,2017,F,1993,0,WithMother,-23.476,3.29,19,39,5
W9403,2017,F,2000,24,WithCubs,-23.156,4.3,108.4,64,5
W0104,2018,F,2005,18,WithCubs,-22.514,4.21,103.2,62,4
W0605,2018,F,NA,13,WithCubs,-22.454,4.27,82,58.5,5
W1913,2019,F,NA,NA,SolitaryF,-22.722,4.37,98,61.5,5
W1418,2013,F,2005,NA,NA,-23.784,4.52,86,62,6
W0623,2018,F,2006,13,WithCubs,-22.624,4.07,95.6,62,5
W0706,2018,F,2009,12,WithCubs,-22.734,4.11,NA,62,5
W1011,2018,F,2008,9,WithCubs,-23.494,4.36,92.8,60.5,5
W1203,2018,F,NA,10,WithCubs,-22.674,3.69,NA,63,5
W1903,2018,F,NA,NA,NA,-22.164,4.28,100,63,4
W1913,2018,F,2001,NA,NA,-22.954,3.58,105,63,5
W0716,2016,F,2011,15,SolitaryF,-23.248,4.36,123,63,4
W1205,2018,F,NA,7,WithCubs,-23.174,4.64,94.4,60,5
W1417,2018,M,2017,NA,WithCubs,-22.774,4.35,NA,61,5
W1804,2018,F,2017,1,WithMother,-22.864,4.24,58,50,4
W1805,2018,F,NA,1,WithMother,-22.674,4.39,35,47.2,4
W1903,2019,F,2017,NA,SolitaryF,-22.922,4.24,107,68,4
W1817,2019,F,NA,2,SolitaryF,-23.902,4.82,41,NA,5
W1913,2020,M,2017,NA,SolitaryF,-23.06,4.21,NA,NA,5
W1905,2018,M,2018,1,WithMother,-22.784,4.5,46,49,4
W1906,2018,F,2018,0,WithMother,-22.534,4.63,28,38.5,5
W1907,2018,F,2018,0,WithMother,-22.904,4.55,23,41.5,5
W1909,2018,M,2018,0,WithMother,-23.154,4.09,16.5,39,5
W1910,2018,F,2018,0,WithMother,-22.554,4.69,19.5,36,5
W1911,2018,F,2005,0,WithMother,-23.134,5.33,26,40,5
W0605,2019,F,2008,14,WithCubs,-22.542,4.53,82.5,59,4
W1203,2019,F,2011,11,WithCubs,-22.752,4.08,105,61,4
W1205,2019,F,2012,8,WithCubs,-23.062,5.3,100,59,4
W1304,2019,F,2012,7,WithCubs,-23.022,4.01,66,53,4
W1310,2019,F,2012,7,WithCubs,-22.822,4.6,97.4,60,5
W1311,2019,F,2009,7,WithCubs,-22.572,4.68,74,58,5
W1319,2019,F,NA,10,WithCubs,-22.862,3.63,80,57,4
W1417,2019,F,NA,NA,WithCubs,-22.772,3.92,78,57.5,5
W1418,2019,F,NA,NA,WithCubs,-23.142,6,96.5,59,4
W1505,2019,F,2015,NA,WithCubs,-23.542,4.68,102,58,4
W1609,2019,M,2018,4,WithCubs,-22.992,3.91,90,59,5
W1906,2019,F,2018,1,WithMother,-22.802,4.96,46,47.5,4
W1907,2019,M,2019,1,WithMother,-22.622,4.5,43,50,4
W2004,2019,F,2019,0,WithMother,-23.592,4.62,23,45.5,4
W2005,2019,M,2019,0,WithMother,-23.442,4.9,21,39,4
W2006,2019,M,2019,0,WithMother,-22.902,4.49,18.5,42,4
W2007,2019,M,2019,0,WithMother,-23.052,4.81,22,42,4
W2009,2019,F,2018,0,WithMother,-23.712,4.03,11.5,37,4
W2010,2019,F,2019,1,WithMother,-22.512,4.58,50,48,4
W2012,2019,M,2019,0,WithMother,-22.852,4.23,19.5,38,4
W2013,2019,F,2019,0,WithMother,-22.922,3.72,13,39,4
W2014,2019,F,2019,0,WithMother,-23.002,3.93,18,35,4
W2015,2019,M,2019,0,WithMother,-22.912,4.07,17,37,4
W2017,2019,M,2019,0,WithMother,-23.962,4.71,20.5,42,4
W2018,2019,M,2019,0,WithMother,-22.442,3.45,20.5,38.5,4
W2022,2019,M,2019,0,WithMother,-22.972,4.31,23.6,42,5
W2022,2019,M,2019,0,WithMother,-22.972,4.31,23.6,42,5
W2023,2019,F,2019,0,WithMother,-23.282,4.31,22,43,5
W2025,2019,M,2019,0,WithMother,-23.162,4.64,22.5,41,5
W2018,2020,F,2019,1,SolitaryM,-23.37,3.89,28,44,4
W2026,2019,M,2012,0,WithMother,-22.812,4.92,21,39,5
W1317,2013,M,2019,1,SolitaryM,-23.294,4.06,40,45,2
W2007,2020,F,2008,1,SolitaryM,-23.11,4.37,38,45,5
W1203,2020,F,2009,12,WithCubs,-23.12,4.17,NA,59,5
W1319,2020,M,2015,11,WithCubs,-23.06,4.3,NA,NA,4
W1610,2016,F,2014,1,SolitaryM,-23.248,4.01,45,46,3
W1509,2020,M,2012,6,WithCubs,-23.21,4.38,61.2,54,5
W1316,2013,M,2019,1,SolitaryM,-23.454,3.79,42,46.5,2
W2004,2020,M,2019,1,SolitaryM,-23.28,4.42,35,47,4
W2013,2020,M,2015,1,WithMother,-23.4,4.11,34,44,5
W1601,2016,F,2019,1,SolitaryM,-22.998,3.68,48,49,2
W2014,2020,F,2019,1,WithMother,-23.29,4.48,35.4,44,4
W2015,2020,F,2014,1,WithMother,-22.77,3.26,31.5,44.5,5
W2106,2020,F,2020,6,WithCubs,-23.71,4.27,89,58,4
W2110,2020,M,2018,0,WithMother,-23.51,4.91,24.4,42,4
W2028,2019,M,2020,1,SolitaryM,-23.132,3.71,65,51,5
W2111,2020,M,2011,0,WithMother,-23.51,4.64,21.8,42,4
W1204,2013,F,2020,2,SolitaryM,-23.394,3.87,55,52,4
W2116,2020,M,2018,0,WithMother,-23.17,5.03,18,37.5,5
W2021,2019,M,2018,1,SolitaryM,-22.722,5.28,59,53,5
W2104,2020,M,2013,2,SolitaryM,-23.49,4.5,63,53,4
W1404,2016,F,2019,3,SolitaryM,-23.158,4.61,58,54,4
W2118,2020,M,NA,1,WithMother,-22.91,3.38,33,45.5,5
W1801,2017,M,NA,NA,SolitaryM,-23.316,5.14,69,56,4
W2008,2019,M,2016,NA,SolitaryM,-23.152,4.89,96,57,4
W2029,2019,M,2008,3,SolitaryM,-22.872,4.12,91,58,5
W1312,2013,M,NA,5,SolitaryM,-23.374,6.17,98,60,4
W1912,2018,M,2017,NA,SolitaryM,-23.194,3.96,96,61,5
W2003,2019,M,NA,2,SolitaryM,-23.552,4.45,108,62,4
W1908,2018,M,2015,NA,SolitaryM,-23.134,4.03,116,63,5
W2002,2019,M,2008,4,SolitaryM,-23.182,4.36,109,63.5,4
W1210,2013,M,2016,5,SolitaryM,-23.084,4.96,103,64,4
W2020,2019,M,NA,3,SolitaryM,-23.372,4.47,140,65,4
W1908,2019,M,NA,NA,SolitaryM,-21.172,5,NA,66,4
W1908,2020,M,2011,NA,SolitaryM,-23.09,5.26,NA,66,5
W1204,2016,M,2009,5,SolitaryM,-23.878,5.2,153.8,67,4
W1314,2013,M,2008,4,SolitaryM,-23.994,4.88,117,67,4
W0908,2013,M,NA,5,SolitaryM,-23.534,5.1,154,69,4
W1902,2018,M,NA,NA,SolitaryM,-23.244,4.02,150,69,4
W1904,2018,M,2002,NA,SolitaryM,-23.504,5.6,146,70,4
W0719,2013,M,2008,11,SolitaryM,-23.514,6.53,NA,71,4
W0910,2013,M,2000,5,SolitaryM,-23.684,5.74,186,71,4
W1211,2013,M,2014,13,SolitaryM,-23.714,6.52,162,71,4
W2108,2020,M,NA,6,SolitaryM,-23.62,4.92,160,71,4
W2027,2019,M,NA,NA,SolitaryM,-22.332,5.87,NA,72,5
W1902,2019,M,2003,NA,SolitaryM,-23.292,5.39,180,73,4
W0625,2013,M,NA,10,SolitaryM,-23.384,5.48,203,75,4
W1416,2013,M,2007,NA,SolitaryM,-23.994,6.42,177,78,6
W2102,2020,M,NA,13,SolitaryM,-23.48,6.59,236,78,4
W1416,2016,M,2002,NA,SolitaryM,-23.558,5.98,240.8,80,4
W2105,2020,,NA,18,SolitaryM,-23.62,8.69,320,84,4
