BearID,year.represent,sex,birth,age,reprostatus.represent,C13,N15,weight,headcirc,Cmonth,Prop_Ants,Prop_Moose,Prop_BilBerry
W9208,1995,F,1991,5,SolitaryF,-22.02,4.58,101,61.5,4,0.033,0.028,0.495
W9306,1995,F,1992,4,SolitaryF,-22.18,4.36,90,58,7,0.033,0.028,0.495
W9307,1995,F,1992,4,SolitaryF,-22.39,4.47,70,55,4,0.033,0.028,0.495
W9308,1995,F,1988,8,SolitaryF,-22.15,5.17,109,63,7,0.033,0.028,0.495
W9310,1995,F,1992,4,SolitaryF,-22.39,4.68,85,59,4,0.033,0.028,0.495
W9403,1995,F,1993,3,SolitaryF,-22.69,3.96,52,50,4,0.033,0.028,0.495
W9404,1995,F,1993,3,SolitaryF,-22.23,3.73,68,53,4,0.033,0.028,0.495
W9503,1995,F,1994,2,SolitaryF,NA,NA,42,47.5,4,0.033,0.028,0.495
W9504,1995,F,1994,2,SolitaryF,-22.36,4.52,35,46.5,5,0.033,0.028,0.495
W9507,1995,F,1994,2,SolitaryF,-22.76,3.64,28,42,4,0.033,0.028,0.495
W9511,1995,F,1985,11,SolitaryF,-22.06,4.23,99,62,7,0.033,0.028,0.495
W8808,1996,F,1981,16,SolitaryF,-22.34,4.19,111,62,7,0.049,0.043,0.489
W8905,1996,F,1987,10,SolitaryF,-22.44,4.98,90,58,6,0.049,0.043,0.489
W9101,1996,F,1990,7,SolitaryF,-22.38,4.66,80,55,4,0.049,0.043,0.489
W9307,1996,F,1992,5,SolitaryF,-22.7,4.79,63,57,4,0.049,0.043,0.489
W9402,1996,F,1993,4,SolitaryF,-22.35,5.73,79,55,7,0.049,0.043,0.489
W9403,1996,F,1993,4,SolitaryF,-22.14,4.55,77,54,4,0.049,0.043,0.489
W9404,1996,F,1993,4,SolitaryF,-22.45,4.23,83.5,56,6,0.049,0.043,0.489
W9504,1996,F,1994,3,SolitaryF,-22.38,4.8,76,NA,6,0.049,0.043,0.489
W9507,1996,F,1994,3,SolitaryF,-22.3,4.36,43,44,4,0.049,0.043,0.489
W9601,1996,F,1995,2,SolitaryF,-22.21,5.13,41,46,4,0.049,0.043,0.489
W9602,1996,F,1995,2,SolitaryF,-21.86,5.12,45,45,4,0.049,0.043,0.489
W9502,1997,F,1994,4,SolitaryF,NA,NA,90,60,4,0.058,0.055,0.503
W9503,1997,F,1994,4,SolitaryF,NA,NA,90,59,4,0.058,0.055,0.503
W9507,1997,F,1994,4,SolitaryF,-22.33,4.37,65,54,4,0.058,0.055,0.503
W9601,1997,F,1995,3,SolitaryF,-22.59,4.87,72,54,4,0.058,0.055,0.503
W9605,1997,F,1995,3,SolitaryF,-21.7,6.16,64,57,4,0.058,0.055,0.503
W8811,1998,F,1978,21,SolitaryF,-22.23,6.1,140,64,4,0.06,0.057,0.483
W9507,1998,F,1994,5,SolitaryF,-22.07,4.74,82,59,4,0.06,0.057,0.483
W9806,1998,F,1996,3,SolitaryF,-22.25,4.54,62,54,4,0.06,0.057,0.483
W9806,1999,F,1996,4,SolitaryF,-22.19,4.86,NA,58,4,0.054,0.049,0.44
W9812,1999,F,1997,3,SolitaryF,-22.25,5.34,63,55,6,0.054,0.049,0.44
W9908,1999,F,1998,2,SolitaryF,-22.16,4.46,51,49,6,0.054,0.049,0.44
W9804,2000,F,1997,4,SolitaryF,-22.31,4.3,71,54.5,4,0.038,0.034,0.494
W9814,2000,F,1997,4,SolitaryF,-22.47,4.57,67,54,4,0.038,0.034,0.494
W0010,2001,F,1999,3,SolitaryF,-21.91,4.36,75,51,7,0.036,0.031,0.413
W0120,2001,F,1999,3,SolitaryF,-22.72,4.12,58,52,4,0.036,0.031,0.413
W9913,2001,F,1998,4,SolitaryF,-22.25,4.47,90,57,4,0.036,0.031,0.413
W9914,2001,F,1998,4,SolitaryF,-22.19,4.37,79,56,4,0.036,0.031,0.413
W0010,2002,F,1999,4,SolitaryF,-22.1,4.18,117,57,9,0.04,0.035,0.445
W0015,2002,F,1999,4,SolitaryF,-22.27,4.76,138,NA,9,0.04,0.035,0.445
W0015,2002,F,1999,4,SolitaryF,-22.39,4.79,138,NA,9,0.04,0.035,0.445
W0018,2002,F,1999,4,SolitaryF,-22.23,4.78,88,58,4,0.04,0.035,0.445
W0021,2002,F,1999,4,SolitaryF,-22.56,4.41,117,NA,9,0.04,0.035,0.445
W0021,2002,F,1999,4,SolitaryF,-22.96,4.59,117,NA,9,0.04,0.035,0.445
W0104,2002,F,2000,3,SolitaryF,-22.61,4.51,114,58,9,0.04,0.035,0.445
W0107,2002,F,2000,3,SolitaryF,-22.08,4.47,101,61,9,0.04,0.035,0.445
W0107,2002,F,2000,3,SolitaryF,-22.39,5.1,101,61,9,0.04,0.035,0.445
W0120,2002,F,1999,4,SolitaryF,-22.39,3.7,80,60,5,0.04,0.035,0.445
W0208,2003,F,2001,3,SolitaryF,-22.87,3.92,50,49,4,0.035,0.032,0.597
W0209,2003,F,2001,3,SolitaryF,-22.71,4.45,61,52.5,4,0.035,0.032,0.597
W0217,2003,F,2001,3,SolitaryF,-23.03,4.22,45,46,4,0.035,0.032,0.597
W0229,2003,F,1998,6,SolitaryF,-22.4,4.65,98,60,4,0.035,0.032,0.597
W0323,2003,F,2000,4,SolitaryF,-23.1,5.15,89,58,6,0.035,0.032,0.597
W9403,2003,F,1993,11,SolitaryF,-22.62,4.7,105,61.5,6,0.035,0.032,0.597
W9404,2003,F,1993,11,SolitaryF,-22.66,4.38,105,63,6,0.035,0.032,0.597
W0107,2004,F,2000,5,SolitaryF,-22.64,5.07,79,59,4,0.033,0.03,0.644
W0208,2004,F,2001,4,SolitaryF,-22.61,3.95,65,53,5,0.033,0.03,0.644
W0209,2004,F,2001,4,SolitaryF,-22.96,4.94,71,56,4,0.033,0.03,0.644
W0212,2004,F,2001,4,SolitaryF,-22.9,4.71,72,55,4,0.033,0.03,0.644
W0217,2004,F,2001,4,SolitaryF,-23.66,4.21,53,53,4,0.033,0.03,0.644
W0219,2004,F,2001,4,SolitaryF,-23.27,4.81,78,59,4,0.033,0.03,0.644
W0221,2004,F,2001,4,SolitaryF,-22.77,3.95,76,59,4,0.033,0.03,0.644
W0229,2004,F,1998,7,SolitaryF,-22.53,4.81,92,58,4,0.033,0.03,0.644
W0303,2004,F,2002,3,SolitaryF,-22.94,4.14,49,49,4,0.033,0.03,0.644
W0323,2004,F,2000,5,SolitaryF,-22.57,4.55,94,60,4,0.033,0.03,0.644
W0427,2004,F,2001,4,SolitaryF,-22.95,4.35,67,57,4,0.033,0.03,0.644
W0212,2005,F,2001,5,SolitaryF,-23.04,5.16,93,60,4,0.042,0.039,0.618
W0217,2005,F,2001,5,SolitaryF,-23.24,4.66,NA,NA,13,0.042,0.039,0.618
W0407,2005,F,2003,3,SolitaryF,-22.59,4.85,NA,51,6,0.042,0.039,0.618
W0410,2005,F,2003,3,SolitaryF,-23.14,4.51,54,49.5,4,0.042,0.039,0.618
W0411,2005,F,2003,3,SolitaryF,-23.12,4.92,60,51,4,0.042,0.039,0.618
W0422,2005,F,2003,3,SolitaryF,-22.61,4.63,65,53,4,0.042,0.039,0.618
W0427,2005,F,2001,5,SolitaryF,-22.85,4.64,84,62,7,0.042,0.039,0.618
W0004,2006,F,1994,13,SolitaryF,NA,NA,NA,NA,13,0.043,0.04,0.577
W0010,2006,F,1999,8,SolitaryF,NA,NA,NA,NA,13,0.043,0.04,0.577
W0212,2006,F,2001,6,SolitaryF,-23.28,5.09,81,59,5,0.043,0.04,0.577
W0231,2006,F,1992,15,SolitaryF,NA,NA,NA,NA,13,0.043,0.04,0.577
W0303,2006,F,2002,5,SolitaryF,-22.42,4.67,NA,58,7,0.043,0.04,0.577
W0405,2006,F,2003,4,SolitaryF,-22.72,5.04,72,57.5,6,0.043,0.04,0.577
W0410,2006,F,2003,4,SolitaryF,-23.18,4.71,72,58,4,0.043,0.04,0.577
W0411,2006,F,2003,4,SolitaryF,-23.44,5.11,85,57,4,0.043,0.04,0.577
W0415,2006,F,2003,4,SolitaryF,-22.45,4.39,74,57,5,0.043,0.04,0.577
W0416,2006,F,2003,4,SolitaryF,-22.81,4.52,76,59,4,0.043,0.04,0.577
W0422,2006,F,2003,4,SolitaryF,-22.6,4.67,NA,61,5,0.043,0.04,0.577
W0425,2006,F,2000,7,SolitaryF,NA,NA,NA,NA,13,0.043,0.04,0.577
W0503,2006,F,2004,3,SolitaryF,-22.8,4.74,63,56,4,0.043,0.04,0.577
W0507,2006,F,2004,3,SolitaryF,-22.57,4.83,59,53.5,4,0.043,0.04,0.577
W0624,2006,F,1989,18,SolitaryF,-22.74,4.57,120,65,4,0.043,0.04,0.577
W0626,2006,F,2000,7,SolitaryF,-22.96,4.6,68,57,5,0.043,0.04,0.577
W0209,2007,F,2001,7,SolitaryF,NA,NA,NA,NA,13,0.039,0.035,0.506
W0212,2007,F,2001,7,SolitaryF,NA,NA,NA,NA,13,0.039,0.035,0.506
W0217,2007,F,2001,7,SolitaryF,-22.57,4.77,105,60,8,0.039,0.035,0.506
W0303,2007,F,2002,6,SolitaryF,NA,NA,NA,NA,13,0.039,0.035,0.506
W0410,2007,F,2003,5,SolitaryF,NA,NA,NA,NA,13,0.039,0.035,0.506
W0411,2007,F,2003,5,SolitaryF,-23.02,4.77,77,58,4,0.039,0.035,0.506
W0422,2007,F,2003,5,SolitaryF,-22.53,4.62,83,61,4,0.039,0.035,0.506
W0503,2007,F,2004,4,SolitaryF,-22.54,4.86,70,57,4,0.039,0.035,0.506
W0507,2007,F,2004,4,SolitaryF,-22.56,4.16,63,58,4,0.039,0.035,0.506
W0610,2007,F,2005,3,SolitaryF,-22.46,4.01,28,44,4,0.039,0.035,0.506
W0620,2007,F,2005,3,SolitaryF,-22.7,4.61,NA,57,5,0.039,0.035,0.506
W0624,2007,F,1989,19,SolitaryF,-22.6,4.83,118,65,5,0.039,0.035,0.506
W0626,2007,F,2000,8,SolitaryF,-22.93,4.29,NA,60,6,0.039,0.035,0.506
W0716,2007,F,2001,7,SolitaryF,NA,NA,NA,NA,13,0.039,0.035,0.506
W0720,2007,F,2000,8,SolitaryF,NA,NA,NA,NA,13,0.039,0.035,0.506
W9403,2007,F,1993,15,SolitaryF,NA,NA,NA,NA,13,0.039,0.035,0.506
W9806,2007,F,1996,12,SolitaryF,NA,NA,NA,NA,13,0.039,0.035,0.506
W0004,2008,F,1994,15,SolitaryF,-22.61,4.06,96,63,4,0.027,0.023,0.571
W0010,2008,F,1999,10,SolitaryF,NA,NA,NA,NA,13,0.027,0.023,0.571
W0209,2008,F,2001,8,SolitaryF,NA,NA,NA,NA,13,0.027,0.023,0.571
W0212,2008,F,2001,8,SolitaryF,NA,NA,NA,NA,13,0.027,0.023,0.571
W0303,2008,F,2002,7,SolitaryF,NA,NA,NA,NA,13,0.027,0.023,0.571
W0411,2008,F,2003,6,SolitaryF,-22.94,4.85,90,58,5,0.027,0.023,0.571
W0422,2008,F,2003,6,SolitaryF,-22.55,4.18,82,62,4,0.027,0.023,0.571
W0425,2008,F,2000,9,SolitaryF,-22.68,4.31,105,NA,7,0.027,0.023,0.571
W0503,2008,F,2004,5,SolitaryF,-22.74,4.71,90,63,4,0.027,0.023,0.571
W0504,2008,F,2004,5,SolitaryF,NA,NA,NA,NA,13,0.027,0.023,0.571
W0507,2008,F,2004,5,SolitaryF,-22.31,4.39,96,63,4,0.027,0.023,0.571
W0610,2008,F,2005,4,SolitaryF,-22.72,4.36,45,46,4,0.027,0.023,0.571
W0611,2008,F,2005,4,SolitaryF,-22.91,4.06,46,47,4,0.027,0.023,0.571
W0616,2008,F,2005,4,SolitaryF,-22.77,4.39,77,62,4,0.027,0.023,0.571
W0620,2008,F,2005,4,SolitaryF,-22.54,4.69,77,58,4,0.027,0.023,0.571
W0621,2008,F,2005,4,SolitaryF,-22.37,4.33,78,57,4,0.027,0.023,0.571
W0622,2008,F,2005,4,SolitaryF,-23.1,4.53,78,61,5,0.027,0.023,0.571
W0623,2008,F,2005,4,SolitaryF,-22.63,4.28,69,60,4,0.027,0.023,0.571
W0624,2008,F,1989,20,SolitaryF,NA,NA,NA,NA,13,0.027,0.023,0.571
W0626,2008,F,2000,9,SolitaryF,NA,NA,NA,NA,13,0.027,0.023,0.571
W0703,2008,F,2006,3,SolitaryF,-22.71,4.17,51,52,4,0.027,0.023,0.571
W0716,2008,F,2001,8,SolitaryF,NA,NA,NA,NA,13,0.027,0.023,0.571
W0720,2008,F,2000,9,SolitaryF,NA,NA,NA,NA,13,0.027,0.023,0.571
W0806,2008,F,2007,2,SolitaryF,-22.98,3.71,26,45,4,0.027,0.023,0.571
W0813,2008,F,2007,2,SolitaryF,-23.46,4.13,36,43,4,0.027,0.023,0.571
W0814,2008,F,2007,2,SolitaryF,-23.9,3.67,33,42,4,0.027,0.023,0.571
W0818,2008,F,2007,2,SolitaryF,-22.58,3.34,28,42,4,0.027,0.023,0.571
W0820,2008,F,2007,2,SolitaryF,-22.74,3.66,33,45,4,0.027,0.023,0.571
W0825,2008,F,2007,2,SolitaryF,-23.1,3.85,23,43,4,0.027,0.023,0.571
W0826,2008,F,1997,12,SolitaryF,NA,NA,NA,NA,13,0.027,0.023,0.571
W9101,2008,F,1990,19,SolitaryF,NA,NA,NA,NA,13,0.027,0.023,0.571
W0010,2009,F,1999,11,SolitaryF,NA,NA,NA,NA,13,0.032,0.028,0.607
W0209,2009,F,2001,9,SolitaryF,NA,NA,NA,NA,13,0.032,0.028,0.607
W0219,2009,F,2001,9,SolitaryF,-23.5,4.9,84,63,5,0.032,0.028,0.607
W0231,2009,F,1992,18,SolitaryF,NA,NA,NA,NA,13,0.032,0.028,0.607
W0303,2009,F,2002,8,SolitaryF,NA,NA,NA,NA,13,0.032,0.028,0.607
W0326,2009,F,1993,17,SolitaryF,NA,NA,NA,NA,13,0.032,0.028,0.607
W0425,2009,F,2000,10,SolitaryF,NA,NA,NA,NA,13,0.032,0.028,0.607
W0503,2009,F,2004,6,SolitaryF,NA,NA,NA,NA,13,0.032,0.028,0.607
W0504,2009,F,2004,6,SolitaryF,-22.7,4.22,80,62,4,0.032,0.028,0.607
W0507,2009,F,2004,6,SolitaryF,NA,NA,NA,NA,13,0.032,0.028,0.607
W0605,2009,F,2005,5,SolitaryF,-22.82,4.69,70,58.5,4,0.032,0.028,0.607
W0610,2009,F,2005,5,SolitaryF,-22.66,4.4,47,50,4,0.032,0.028,0.607
W0610,2009,F,2005,5,SolitaryF,-23.01,4.31,47,50,4,0.032,0.028,0.607
W0611,2009,F,2005,5,SolitaryF,-23.02,4.24,48,50.5,4,0.032,0.028,0.607
W0616,2009,F,2005,5,SolitaryF,-22.73,4.5,81,58,4,0.032,0.028,0.607
W0620,2009,F,2005,5,SolitaryF,NA,NA,NA,NA,13,0.032,0.028,0.607
W0621,2009,F,2005,5,SolitaryF,NA,NA,NA,NA,13,0.032,0.028,0.607
W0622,2009,F,2005,5,SolitaryF,-23.23,3.95,98,63,4,0.032,0.028,0.607
W0703,2009,F,2006,4,SolitaryF,-22.73,4.79,59,51,4,0.032,0.028,0.607
W0706,2009,F,2006,4,SolitaryF,-23,4.27,61,56,4,0.032,0.028,0.607
W0713,2009,F,2006,4,SolitaryF,-22.83,4.74,46,50,4,0.032,0.028,0.607
W0806,2009,F,2007,3,SolitaryF,-23.22,3.93,45,47,4,0.032,0.028,0.607
W0820,2009,F,2007,3,SolitaryF,-22.65,4.1,55,51,6,0.032,0.028,0.607
W9615,2009,F,1995,15,SolitaryF,NA,NA,NA,NA,13,0.032,0.028,0.607
W0104,2010,F,2000,11,SolitaryF,NA,NA,NA,NA,13,0.038,0.032,0.409
W0229,2010,F,1998,13,SolitaryF,NA,NA,NA,NA,13,0.038,0.032,0.409
W0237,2010,F,1997,14,SolitaryF,NA,NA,NA,NA,13,0.038,0.032,0.409
W0605,2010,F,2005,6,SolitaryF,-22.58,4.74,73,57,4,0.038,0.032,0.409
W0610,2010,F,2005,6,SolitaryF,-22.34,3.86,51,52,4,0.038,0.032,0.409
W0611,2010,F,2005,6,SolitaryF,-22.28,4.63,55,51,4,0.038,0.032,0.409
W0616,2010,F,2005,6,SolitaryF,NA,NA,NA,NA,13,0.038,0.032,0.409
W0620,2010,F,2005,6,SolitaryF,NA,NA,NA,NA,13,0.038,0.032,0.409
W0621,2010,F,2005,6,SolitaryF,-22.76,4.57,83,60,4,0.038,0.032,0.409
W0622,2010,F,2005,6,SolitaryF,NA,NA,NA,NA,13,0.038,0.032,0.409
W0703,2010,F,2006,5,SolitaryF,-22.86,4.81,74,56,5,0.038,0.032,0.409
W0716,2010,F,2001,10,SolitaryF,NA,NA,NA,NA,13,0.038,0.032,0.409
W0806,2010,F,2007,4,SolitaryF,-22.57,4.59,51,51,4,0.038,0.032,0.409
W0818,2010,F,2007,4,SolitaryF,-22.15,4.03,48,50,4,0.038,0.032,0.409
W0819,2010,F,2007,4,SolitaryF,NA,NA,NA,NA,13,0.038,0.032,0.409
W0820,2010,F,2007,4,SolitaryF,-22.4,4.14,57,53.5,4,0.038,0.032,0.409
W0825,2010,F,2007,4,SolitaryF,NA,NA,NA,NA,13,0.038,0.032,0.409
W1018,2010,F,2003,8,SolitaryF,NA,NA,NA,NA,13,0.038,0.032,0.409
W9403,2010,F,1993,18,SolitaryF,NA,NA,NA,NA,13,0.038,0.032,0.409
W0303,2011,F,2002,10,SolitaryF,NA,NA,NA,NA,13,0.042,0.037,0.544
W0425,2011,F,2000,12,SolitaryF,NA,NA,NA,NA,13,0.042,0.037,0.544
W0517,2011,F,2001,11,SolitaryF,NA,NA,NA,NA,13,0.042,0.037,0.544
W0605,2011,F,2005,7,SolitaryF,-22.9,4.48,67,57,5,0.042,0.037,0.544
W0610,2011,F,2005,7,SolitaryF,-22.69,4.81,61.5,52,5,0.042,0.037,0.544
W0611,2011,F,2005,7,SolitaryF,-22.68,4.47,81.9,56,5,0.042,0.037,0.544
W0623,2011,F,2005,7,SolitaryF,NA,NA,NA,NA,13,0.042,0.037,0.544
W0720,2011,F,2000,12,SolitaryF,NA,NA,NA,NA,13,0.042,0.037,0.544
W0806,2011,F,2007,5,SolitaryF,-22.73,4.49,67,54,4,0.042,0.037,0.544
W0818,2011,F,2007,5,SolitaryF,-22.61,4.3,54.5,53,4,0.042,0.037,0.544
W0820,2011,F,2007,5,SolitaryF,-22.91,4.26,62,55,4,0.042,0.037,0.544
W0825,2011,F,2007,5,SolitaryF,-23.21,4.11,49.5,51,4,0.042,0.037,0.544
W0826,2011,F,1997,15,SolitaryF,NA,NA,NA,NA,13,0.042,0.037,0.544
W0904,2011,F,2008,4,SolitaryF,-22.76,4.99,63,52,4,0.042,0.037,0.544
W9403,2011,F,1993,19,SolitaryF,-22.67,5.02,NA,62,5,0.042,0.037,0.544
W9814,2011,F,1997,15,SolitaryF,-22.65,5.55,86,62,5,0.042,0.037,0.544
W0517,2012,F,2001,12,SolitaryF,NA,NA,NA,NA,13,0.046,0.043,0.587
W0610,2012,F,2005,8,SolitaryF,-23.06,4.49,75,54,4,0.046,0.043,0.587
W0611,2012,F,2005,8,SolitaryF,-22.57,5.51,79,54,4,0.046,0.043,0.587
W0620,2012,F,2005,8,SolitaryF,-23.13,4.89,86,62,5,0.046,0.043,0.587
W0623,2012,F,2005,8,SolitaryF,NA,NA,NA,NA,13,0.046,0.043,0.587
W0713,2012,F,2006,7,SolitaryF,-22.94,5.17,77,58,5,0.046,0.043,0.587
W0716,2012,F,2001,12,SolitaryF,NA,NA,NA,NA,13,0.046,0.043,0.587
W0720,2012,F,2000,13,SolitaryF,NA,NA,NA,NA,13,0.046,0.043,0.587
W0806,2012,F,2007,6,SolitaryF,-22.86,5.09,77,57,5,0.046,0.043,0.587
W0818,2012,F,2007,6,SolitaryF,-22.72,4.31,69,57,4,0.046,0.043,0.587
W0820,2012,F,2007,6,SolitaryF,NA,NA,NA,NA,13,0.046,0.043,0.587
W0825,2012,F,2007,6,SolitaryF,-23.45,4.55,58,53,4,0.046,0.043,0.587
W0904,2012,F,2008,5,SolitaryF,NA,NA,NA,NA,13,0.046,0.043,0.587
W1011,2012,F,2009,4,SolitaryF,-22.81,5.02,55.5,53,5,0.046,0.043,0.587
W1017,2012,F,2009,4,SolitaryF,-22.97,4.73,64,55,4,0.046,0.043,0.587
W1203,2012,F,2008,5,SolitaryF,-22.79,4.42,69,57,5,0.046,0.043,0.587
W9814,2012,F,1997,16,SolitaryF,NA,NA,NA,NA,13,0.046,0.043,0.587
W0303,2013,F,2002,12,SolitaryF,NA,NA,NA,NA,13,0.032,0.029,0.672
W0425,2013,F,2000,14,SolitaryF,NA,NA,NA,NA,13,0.032,0.029,0.672
W0610,2013,F,2005,9,SolitaryF,NA,NA,NA,NA,13,0.032,0.029,0.672
W0611,2013,F,2005,9,SolitaryF,NA,NA,NA,NA,13,0.032,0.029,0.672
W0713,2013,F,2006,8,SolitaryF,NA,NA,NA,NA,13,0.032,0.029,0.672
W0806,2013,F,2007,7,SolitaryF,NA,NA,NA,NA,13,0.032,0.029,0.672
W0818,2013,F,2007,7,SolitaryF,NA,NA,NA,NA,13,0.032,0.029,0.672
W0820,2013,F,2007,7,SolitaryF,NA,NA,NA,NA,13,0.032,0.029,0.672
W0825,2013,F,2007,7,SolitaryF,NA,NA,NA,NA,13,0.032,0.029,0.672
W1011,2013,F,2009,5,SolitaryF,NA,NA,NA,NA,13,0.032,0.029,0.672
W1017,2013,F,2009,5,SolitaryF,NA,NA,NA,NA,13,0.032,0.029,0.672
W1110,2013,F,2010,4,SolitaryF,NA,NA,NA,NA,13,0.032,0.029,0.672
W1203,2013,F,2008,6,SolitaryF,NA,NA,NA,NA,13,0.032,0.029,0.672
W1313,2013,F,2004,10,SolitaryF,NA,NA,NA,NA,13,0.032,0.029,0.672
W1319,2013,F,2009,5,SolitaryF,NA,NA,NA,NA,13,0.032,0.029,0.672
W9403,2013,F,1993,21,SolitaryF,NA,NA,NA,NA,13,0.032,0.029,0.672
W9814,2013,F,1997,17,SolitaryF,NA,NA,NA,NA,13,0.032,0.029,0.672
W9914,2013,F,1998,16,SolitaryF,NA,NA,NA,NA,13,0.032,0.029,0.672
W1304,2013,F,2017,1,SolitaryF,-23.59,4.75,33,42,2,0.032,0.029,0.672
W1303,2013,F,2016,1,SolitaryF,-23.7,4.88,43,48,2,0.032,0.029,0.672
W1305,2013,F,2016,1,SolitaryF,-23.66,4.31,49,48.5,2,0.032,0.029,0.672
W1110,2013,F,2012,3,SolitaryF,-23.03,4.28,57.5,51,4,0.032,0.029,0.672
W1105,2013,F,2011,3,SolitaryF,-22.88,4.78,61,52,4,0.032,0.029,0.672
W1205,2013,F,2013,2,SolitaryF,-23.02,4.35,59,52,4,0.032,0.029,0.672
W1206,2013,F,2012,2,SolitaryF,-23.02,4.45,63,53,4,0.032,0.029,0.672
W1011,2013,F,2014,4,SolitaryF,-22.86,4.84,71,54,4,0.032,0.029,0.672
W1017,2013,F,2016,4,SolitaryF,-23.19,4.61,75,55,4,0.032,0.029,0.672
W0610,2013,F,2014,8,SolitaryF,-22.85,4.49,74,56,4,0.032,0.029,0.672
W0806,2013,F,2012,6,SolitaryF,-23.09,4.16,75,56.5,4,0.032,0.029,0.672
W0818,2013,F,2011,6,SolitaryF,-23.16,4.13,75,58,6,0.032,0.029,0.672
W0825,2013,F,2010,6,SolitaryF,-23.45,4.35,75,59,4,0.032,0.029,0.672
W1203,2013,F,2012,5,SolitaryF,-23.08,4.2,67,59,6,0.032,0.029,0.672
W0425,2013,F,2007,13,SolitaryF,-23.13,4.48,99,60,4,0.032,0.029,0.672
W0425,2014,F,2000,15,SolitaryF,NA,NA,NA,NA,13,0.048,0.049,0.641
W0610,2014,F,2005,10,SolitaryF,NA,NA,NA,NA,13,0.048,0.049,0.641
W0716,2014,F,2001,14,SolitaryF,NA,NA,NA,NA,13,0.048,0.049,0.641
W0806,2014,F,2007,8,SolitaryF,NA,NA,NA,NA,13,0.048,0.049,0.641
W0818,2014,F,2007,8,SolitaryF,NA,NA,NA,NA,13,0.048,0.049,0.641
W1011,2014,F,2009,6,SolitaryF,NA,NA,NA,NA,13,0.048,0.049,0.641
W1017,2014,F,2009,6,SolitaryF,NA,NA,NA,NA,13,0.048,0.049,0.641
W1105,2014,F,2010,5,SolitaryF,NA,NA,NA,NA,13,0.048,0.049,0.641
W1110,2014,F,2010,5,SolitaryF,-23.08,4.67,62.2,52.5,4,0.048,0.049,0.641
W1205,2014,F,2011,4,SolitaryF,-23.42,5.42,74.5,55,4,0.048,0.049,0.641
W1206,2014,F,2011,4,SolitaryF,-23.75,5.66,90.6,60,4,0.048,0.049,0.641
W1209,2014,F,2011,4,SolitaryF,NA,NA,NA,NA,13,0.048,0.049,0.641
W9814,2014,F,1997,18,SolitaryF,NA,NA,NA,NA,13,0.048,0.049,0.641
W0611,2015,F,2005,11,SolitaryF,NA,NA,NA,NA,13,0.043,0.044,0.538
W0620,2015,F,2005,11,SolitaryF,NA,NA,NA,NA,13,0.043,0.044,0.538
W0716,2015,F,2001,15,SolitaryF,-23,4.09,117.8,62,5,0.043,0.044,0.538
W0720,2015,F,2000,16,SolitaryF,NA,NA,NA,NA,13,0.043,0.044,0.538
W0818,2015,F,2007,9,SolitaryF,-21.06,4.38,87.4,58,4,0.043,0.044,0.538
W1011,2015,F,2009,7,SolitaryF,NA,NA,NA,NA,13,0.043,0.044,0.538
W1110,2015,F,2010,6,SolitaryF,-23.31,4.94,82.5,56,4,0.043,0.044,0.538
W1205,2015,F,2011,5,SolitaryF,NA,NA,NA,NA,13,0.043,0.044,0.538
W1206,2015,F,2011,5,SolitaryF,-24.02,6.15,120,65,4,0.043,0.044,0.538
W1209,2015,F,2011,5,SolitaryF,-23.25,4.56,55,52,4,0.043,0.044,0.538
W1304,2015,F,2012,4,SolitaryF,-23.32,4.75,48.8,49.5,4,0.043,0.044,0.538
W1305,2015,F,2012,4,SolitaryF,-23.09,4.83,72,55,4,0.043,0.044,0.538
W1408,2015,F,2013,3,SolitaryF,-23.66,6.09,81.6,55,4,0.043,0.044,0.538
W1505,2015,F,NA,NA,SolitaryF,-23.32,4.6,112.6,61,4,0.043,0.044,0.538
W9403,2015,F,1993,23,SolitaryF,NA,NA,NA,NA,13,0.043,0.044,0.538
W9914,2015,F,1998,18,SolitaryF,NA,NA,NA,NA,13,0.043,0.044,0.538
W0104,2016,F,2000,17,SolitaryF,NA,NA,NA,NA,13,0.026,0.022,0.553
W0716,2016,F,2001,16,SolitaryF,NA,NA,NA,NA,13,0.026,0.022,0.553
W0818,2016,F,2007,10,SolitaryF,NA,NA,NA,NA,13,0.026,0.022,0.553
W1017,2016,F,2009,8,SolitaryF,NA,NA,NA,NA,13,0.026,0.022,0.553
W1110,2016,F,2010,7,SolitaryF,NA,NA,NA,NA,13,0.026,0.022,0.553
W1112,2016,F,2010,7,SolitaryF,NA,NA,NA,NA,13,0.026,0.022,0.553
W1206,2016,F,2011,6,SolitaryF,NA,NA,NA,NA,13,0.026,0.022,0.553
W1304,2016,F,2012,5,SolitaryF,NA,NA,NA,NA,13,0.026,0.022,0.553
W1305,2016,F,2012,5,SolitaryF,NA,NA,NA,NA,13,0.026,0.022,0.553
W1401,2016,F,2013,4,SolitaryF,NA,NA,NA,NA,13,0.026,0.022,0.553
W1407,2016,F,2013,4,SolitaryF,NA,NA,NA,NA,13,0.026,0.022,0.553
W1408,2016,F,2013,4,SolitaryF,NA,NA,NA,NA,13,0.026,0.022,0.553
W1509,2016,F,2018,2,SolitaryF,-23.43,4.03,39.5,45,3,0.026,0.022,0.553
W1608,2016,F,2019,1,SolitaryF,-22.18,3.51,42.4,47,2,0.026,0.022,0.553
W1304,2016,F,2016,4,SolitaryF,-23.03,4.32,60.6,51,4,0.026,0.022,0.553
W1401,2016,F,2014,3,SolitaryF,-23.24,3.95,58.5,52,4,0.026,0.022,0.553
W1512,2016,F,2011,2,SolitaryF,-23.25,4.16,55,52,4,0.026,0.022,0.553
W1110,2016,F,2008,6,SolitaryF,-22.87,4.2,87.4,59,4,0.026,0.022,0.553
W0818,2016,F,2017,9,SolitaryF,-22.88,4.11,88,60,4,0.026,0.022,0.553
W0716,2016,F,2011,15,SolitaryF,-23.16,4.36,123,63,4,0.026,0.022,0.553
W0706,2017,F,2006,12,SolitaryF,NA,NA,NA,NA,13,0.036,0.032,0.26
W1304,2017,F,2012,6,SolitaryF,NA,NA,NA,NA,13,0.036,0.032,0.26
W1512,2017,F,2014,4,SolitaryF,NA,NA,NA,NA,13,0.036,0.032,0.26
W1708,2017,F,2017,1,SolitaryF,-23.73,4.4,39.8,48,5,0.036,0.032,0.26
W1608,2017,F,2016,2,SolitaryF,-20.44,4.6,52,50,5,0.036,0.032,0.26
W1509,2017,F,2014,3,SolitaryF,-23.29,3.89,69.8,56,4,0.036,0.032,0.26
W1304,2017,F,2014,5,SolitaryF,NA,NA,70.6,56.5,4,0.036,0.032,0.26
W1512,2017,F,NA,3,SolitaryF,-22.75,4.19,72,58,4,0.036,0.032,0.26
W1209,2017,M,2017,6,SolitaryF,-23.41,4.64,77,59.5,4,0.036,0.032,0.26
W1017,2018,F,2009,10,SolitaryF,NA,NA,NA,NA,13,0.039,0.036,0.185
W9403,2018,F,1993,26,SolitaryF,NA,NA,NA,NA,13,0.039,0.036,0.185
W1815,2018,F,2016,1,SolitaryF,-22.78,4.12,32,42,4,0.039,0.036,0.185
W1702,2018,F,2019,2,SolitaryF,-22.58,4.48,53,44,4,0.039,0.036,0.185
W1701,2018,F,2016,2,SolitaryF,-23.72,5.08,46,50,4,0.039,0.036,0.185
W1704,2018,F,2017,2,SolitaryF,-22.7,3.77,51.4,50,4,0.039,0.036,0.185
W1304,2018,F,2016,6,SolitaryF,-22.84,4.13,70,53,5,0.039,0.036,0.185
W1608,2018,F,2015,3,SolitaryF,-21.64,4.17,65,53.5,5,0.039,0.036,0.185
W1512,2018,F,2016,4,SolitaryF,-22.88,4.13,NA,54,4,0.039,0.036,0.185
W1708,2018,F,2016,2,SolitaryF,-23.04,4.66,63,55,4,0.039,0.036,0.185
W1604,2018,F,2005,3,SolitaryF,-22.52,4.47,71.4,55.5,4,0.039,0.036,0.185
W1509,2018,F,2016,4,SolitaryF,-23.08,4.54,72,56,4,0.039,0.036,0.185
W1209,2018,F,2014,7,SolitaryF,-23.73,4.49,83.4,58,5,0.039,0.036,0.185
W1311,2018,M,2017,6,SolitaryF,-23.15,5.15,71.6,59,5,0.039,0.036,0.185
W1310,2018,M,2017,6,SolitaryF,-18.94,4.67,82,61,5,0.039,0.036,0.185
W1911,2019,M,2016,1,SolitaryF,-23.3,4.14,40,45,4,0.028,0.025,0.58
W1803,2019,F,2017,2,SolitaryF,-23.86,4.31,53,48,4,0.028,0.025,0.58
W1815,2019,F,2016,2,SolitaryF,-23.04,3.91,42,48,4,0.028,0.025,0.58
W1821,2019,F,2015,2,SolitaryF,-23.04,3.52,48.4,49.5,5,0.028,0.025,0.58
W1702,2019,F,2016,3,SolitaryF,-22.69,4.36,56.2,51,4,0.028,0.025,0.58
W1709,2019,F,2017,3,SolitaryF,-23.26,4.61,59,51,4,0.028,0.025,0.58
W1823,2019,F,2018,2,SolitaryF,-23.03,3.12,50,51,5,0.028,0.025,0.58
W1704,2019,F,2010,3,SolitaryF,-22.59,3.85,60,51.5,4,0.028,0.025,0.58
W1701,2019,M,2016,3,SolitaryF,-23.5,5.16,78,53,4,0.028,0.025,0.58
W1707,2019,F,2017,3,SolitaryF,-22.77,4.15,66.2,54,4,0.028,0.025,0.58
W1708,2019,F,NA,3,SolitaryF,-23.2,4.51,75,56,4,0.028,0.025,0.58
W1914,2019,F,NA,NA,SolitaryF,-22.37,4.71,77.5,56,4,0.028,0.025,0.58
W1901,2019,F,NA,NA,SolitaryF,-22.61,4.44,71,57,4,0.028,0.025,0.58
W1913,2019,F,NA,NA,SolitaryF,-22.7,4.37,98,61.5,5,0.028,0.025,0.58
W1903,2019,F,2017,NA,SolitaryF,-22.9,4.24,107,68,4,0.028,0.025,0.58
W1817,2019,F,NA,2,SolitaryF,-23.88,4.82,41,NA,5,0.028,0.025,0.58
W2012,2020,M,2016,1,SolitaryF,-22.83,3.45,28.5,44,5,0.031,0.028,0.67
W1909,2020,F,2019,2,SolitaryF,-22.97,3.8,43.2,46,4,0.031,0.028,0.67
W2026,2020,F,2015,1,SolitaryF,-22.76,3.72,34.4,46,5,0.031,0.028,0.67
W2025,2020,F,2016,1,SolitaryF,-22.98,3.76,35.4,47,5,0.031,0.028,0.67
W1806,2020,F,2016,3,SolitaryF,-23.07,4.22,60,50,4,0.031,0.028,0.67
W1815,2020,F,2017,3,SolitaryF,-23.28,4.73,63,51,4,0.031,0.028,0.67
W1911,2020,F,2016,2,SolitaryF,-23.15,4.69,50,51,4,0.031,0.028,0.67
W1803,2020,F,2017,3,SolitaryF,-23.9,4.9,60,54,4,0.031,0.028,0.67
W1813,2020,F,1993,3,SolitaryF,-22.85,3.81,60,54,4,0.031,0.028,0.67
W1709,2020,F,2017,4,SolitaryF,-22.94,4.66,86,55,4,0.031,0.028,0.67
W1819,2020,F,2001,3,SolitaryF,-23.51,4.18,74,55,5,0.031,0.028,0.67
W1702,2020,F,2016,4,SolitaryF,-23.07,4.67,68,56,4,0.031,0.028,0.67
W1707,2020,F,2016,4,SolitaryF,-22.96,4.48,67.6,56,5,0.031,0.028,0.67
W1914,2020,F,2016,NA,SolitaryF,-23.35,5.08,89,56,5,0.031,0.028,0.67
W2019,2020,F,2007,4,SolitaryF,-23.6,4.45,NA,56,5,0.031,0.028,0.67
W1701,2020,F,2016,4,SolitaryF,-23.7,5.69,102.5,57,4,0.031,0.028,0.67
W1708,2020,F,NA,4,SolitaryF,-23.27,4.9,NA,57,4,0.031,0.028,0.67
W2030,2020,F,2006,NA,SolitaryF,-22.99,4.08,69,57,5,0.031,0.028,0.67
W0605,2020,F,2017,15,SolitaryF,-23.16,5.36,104,60.5,4,0.031,0.028,0.67
W1913,2020,M,2017,NA,SolitaryF,-23.06,4.21,NA,NA,5,0.031,0.028,0.67
W8807,1995,M,1984,12,SolitaryM,-22.33,5.06,145,66,4,0.039,0.058,0.503
W9006,1995,M,1989,7,SolitaryM,-22.32,5.84,220,78.5,4,0.039,0.058,0.503
W9202,1995,M,1991,5,SolitaryM,-22.03,5.37,102,62,4,0.039,0.058,0.503
W9311,1995,M,1992,4,SolitaryM,-22.14,4.42,112,65,4,0.039,0.058,0.503
W9401,1995,M,1993,3,SolitaryM,-22.23,4.95,83,59,4,0.039,0.058,0.503
W9407,1995,M,1993,3,SolitaryM,-22.35,3.74,68,56,4,0.039,0.058,0.503
W9505,1995,M,1988,8,SolitaryM,-22.51,5.21,189,76,4,0.039,0.058,0.503
W9508,1995,M,1994,2,SolitaryM,-23.12,3.84,42,49,4,0.039,0.058,0.503
W9509,1995,M,1994,2,SolitaryM,NA,NA,47,49,4,0.039,0.058,0.503
W9510,1995,M,1994,2,SolitaryM,-22.77,3.4,44,48,4,0.039,0.058,0.503
W8607,1996,M,1971,26,SolitaryM,-22.49,5.94,NA,74,4,0.051,0.082,0.594
W9202,1996,M,1991,6,SolitaryM,-22.29,6.6,121,64,4,0.051,0.082,0.594
W9206,1996,M,1991,6,SolitaryM,-22.91,5.37,181,72,4,0.051,0.082,0.594
W9311,1996,M,1992,5,SolitaryM,-22.42,4.78,145,67,4,0.051,0.082,0.594
W9401,1996,M,1993,4,SolitaryM,-22.64,4.94,125,65,4,0.051,0.082,0.594
W9505,1996,M,1988,9,SolitaryM,-22.67,5.86,NA,77,4,0.051,0.082,0.594
W9506,1996,M,1994,3,SolitaryM,-22.48,4.07,53,50,4,0.051,0.082,0.594
W9508,1996,M,1994,3,SolitaryM,-22.67,4.96,96.5,58,4,0.051,0.082,0.594
W9510,1996,M,1994,3,SolitaryM,-23.24,7.74,77,53,5,0.051,0.082,0.594
W9609,1996,M,1995,2,SolitaryM,NA,NA,44,46,4,0.051,0.082,0.594
W9611,1996,M,1995,2,SolitaryM,-22.58,4.57,33,44,4,0.051,0.082,0.594
W9612,1996,M,1995,2,SolitaryM,-22.33,4.43,49.5,50,4,0.051,0.082,0.594
W8807,1997,M,1984,14,SolitaryM,-22.6,5.6,168,74,4,0.051,0.08,0.555
W9006,1997,M,1989,9,SolitaryM,-22.52,5.85,226,80,4,0.051,0.08,0.555
W9202,1997,M,1991,7,SolitaryM,-22.54,6.19,150,71,4,0.051,0.08,0.555
W9301,1997,M,1989,9,SolitaryM,NA,NA,210,74,4,0.051,0.08,0.555
W9506,1997,M,1994,4,SolitaryM,NA,NA,84,60,4,0.051,0.08,0.555
W9508,1997,M,1994,4,SolitaryM,NA,NA,142,65.5,4,0.051,0.08,0.555
W9608,1997,M,1995,3,SolitaryM,NA,NA,95,57,4,0.051,0.08,0.555
W9609,1997,M,1995,3,SolitaryM,-22.46,4.35,73,56,4,0.051,0.08,0.555
W9610,1997,M,1995,3,SolitaryM,-22.53,4.04,71,56,4,0.051,0.08,0.555
W9611,1997,M,1995,3,SolitaryM,-22.46,4.16,61,52,4,0.051,0.08,0.555
W9612,1997,M,1995,3,SolitaryM,-22.62,4.75,81,59,4,0.051,0.08,0.555
W9614,1997,M,1995,3,SolitaryM,-22.5,4.51,71,53,4,0.051,0.08,0.555
W9802,1997,M,1983,15,SolitaryM,-22.76,6.38,172,74,4,0.051,0.08,0.555
W9811,1997,M,1985,13,SolitaryM,-22.61,5.99,180,73,4,0.051,0.08,0.555
W9311,1998,M,1992,7,SolitaryM,-22.7,5.41,179,74,4,0.056,0.092,0.553
W9506,1998,M,1994,5,SolitaryM,-22.09,4.85,134,67,4,0.056,0.092,0.553
W9611,1998,M,1995,4,SolitaryM,-22.52,5.12,NA,61,8,0.056,0.092,0.553
W9612,1998,M,1995,4,SolitaryM,-22.75,5.55,135,67,4,0.056,0.092,0.553
W9807,1998,M,1988,11,SolitaryM,-22.75,7.37,178,74,4,0.056,0.092,0.553
W9811,1998,M,1985,14,SolitaryM,-22.63,4.53,175,76,4,0.056,0.092,0.553
W9901,1998,M,1993,6,SolitaryM,-22.5,5.84,149,68.5,4,0.056,0.092,0.553
W9916,1998,M,1994,5,SolitaryM,-22.76,5.26,140,62,4,0.056,0.092,0.553
W9917,1998,M,1995,4,SolitaryM,-22.52,4.85,NA,63,8,0.056,0.092,0.553
W9921,1998,M,1991,8,SolitaryM,-22.65,5.98,156,70,4,0.056,0.092,0.553
W0001,1999,M,1997,3,SolitaryM,-22.62,5.02,94,57,4,0.057,0.105,0.603
W0002,1999,M,1994,6,SolitaryM,-22.7,5.13,130,67,4,0.057,0.105,0.603
W0003,1999,M,1997,3,SolitaryM,-22.58,4.56,63,48.5,4,0.057,0.105,0.603
W0012,1999,M,1991,9,SolitaryM,-22.62,5.64,233,77,4,0.057,0.105,0.603
W0013,1999,M,1995,5,SolitaryM,-23.06,6.31,173,65,4,0.057,0.105,0.603
W0016,1999,M,1994,6,SolitaryM,-22.41,5.68,175,70,4,0.057,0.105,0.603
W8607,1999,M,1971,29,SolitaryM,-23.09,8.39,205,77,4,0.057,0.105,0.603
W8807,1999,M,1984,16,SolitaryM,-22.55,5.81,150,69,4,0.057,0.105,0.603
W9006,1999,M,1989,11,SolitaryM,-22.25,5.75,221,78,4,0.057,0.105,0.603
W9011,1999,M,1984,16,SolitaryM,-23.02,7.25,201,75,4,0.057,0.105,0.603
W9301,1999,M,1989,11,SolitaryM,-22.79,6.73,234,78,4,0.057,0.105,0.603
W9918,1999,M,1998,2,SolitaryM,-22.42,5,54,48,4,0.057,0.105,0.603
W9920,1999,M,1998,2,SolitaryM,-22.86,5.16,46,45,4,0.057,0.105,0.603
W9921,1999,M,1991,9,SolitaryM,-22.71,6.14,194,72,4,0.057,0.105,0.603
W9921,1999,M,1991,9,SolitaryM,-22.78,4.93,194,72,4,0.057,0.105,0.603
W0002,2000,M,1994,7,SolitaryM,-22.45,5.47,148,74,4,0.045,0.066,0.572
W0012,2000,M,1991,10,SolitaryM,-22.79,5.04,212,77,4,0.045,0.066,0.572
W0013,2000,M,1995,6,SolitaryM,-22.83,5.8,167,68.5,4,0.045,0.066,0.572
W0014,2000,M,1999,2,SolitaryM,-22.87,5.14,68,54,4,0.045,0.066,0.572
W0101,2000,M,1998,3,SolitaryM,-22.58,4.03,81,59,4,0.045,0.066,0.572
W0102,2000,M,1997,4,SolitaryM,-22.56,4.68,147,69,4,0.045,0.066,0.572
W0108,2000,M,1990,11,SolitaryM,-22.54,4.47,218,77,4,0.045,0.066,0.572
W0110,2000,M,1998,3,SolitaryM,-22.94,3.59,65,52.5,4,0.045,0.066,0.572
W0111,2000,M,1994,7,SolitaryM,-22.61,4.65,174,70,4,0.045,0.066,0.572
W9301,2000,M,1989,12,SolitaryM,-22.83,6.72,215,78,4,0.045,0.066,0.572
W9311,2000,M,1992,9,SolitaryM,-22.64,5.17,226,82,4,0.045,0.066,0.572
W9401,2000,M,1993,8,SolitaryM,-22.63,4.58,208,78,4,0.045,0.066,0.572
W9916,2000,M,1994,7,SolitaryM,NA,NA,149,68,4,0.045,0.066,0.572
W9918,2000,M,1998,3,SolitaryM,-22.79,5.13,75,57,4,0.045,0.066,0.572
W0012,2001,M,1991,11,SolitaryM,-23.06,5.9,195,76,6,0.051,0.083,0.59
W0013,2001,M,1995,7,SolitaryM,-22.95,5.98,208,71,4,0.051,0.083,0.59
W0102,2001,M,1997,5,SolitaryM,-22.88,4.74,216,73,4,0.051,0.083,0.59
W0201,2001,M,1998,4,SolitaryM,-22.74,4.38,113,66,4,0.051,0.083,0.59
W0202,2001,M,1996,6,SolitaryM,-23.04,4.99,160,70,4,0.051,0.083,0.59
W0224,2001,M,1999,3,SolitaryM,-22.13,4.6,60,NA,4,0.051,0.083,0.59
W0225,2001,M,1997,5,SolitaryM,-22.74,4.41,152,70,5,0.051,0.083,0.59
W0226,2001,M,1991,11,SolitaryM,-22.49,5.07,157,75,5,0.051,0.083,0.59
W0228,2001,M,1998,4,SolitaryM,-22.45,4.37,88,58,5,0.051,0.083,0.59
W0230,2001,M,1998,4,SolitaryM,NA,NA,140,70,6,0.051,0.083,0.59
W0232,2001,M,1995,7,SolitaryM,-22.49,5.77,125,66,6,0.051,0.083,0.59
W0233,2001,M,1995,7,SolitaryM,-22.71,4.94,170,72,6,0.051,0.083,0.59
W0235,2001,M,1998,4,SolitaryM,-22.86,5.35,85,61,6,0.051,0.083,0.59
W8807,2001,M,1984,18,SolitaryM,-22.57,6.36,NA,72,4,0.051,0.083,0.59
W9006,2001,M,1989,13,SolitaryM,-22.57,5.53,219,81,4,0.051,0.083,0.59
W9011,2001,M,1984,18,SolitaryM,-23.47,8.42,219,79,4,0.051,0.083,0.59
W9505,2001,M,1988,14,SolitaryM,-22.9,6.15,215,82,4,0.051,0.083,0.59
W9811,2001,M,1985,17,SolitaryM,-22.94,5.45,184,73,4,0.051,0.083,0.59
W9916,2001,M,1994,8,SolitaryM,-22.75,5.06,148,66,4,0.051,0.083,0.59
W9918,2001,M,1998,4,SolitaryM,-22.14,5.66,99,60,4,0.051,0.083,0.59
W0201,2002,M,1998,5,SolitaryM,-22.78,4.54,142,72,6,0.043,0.063,0.54
W0226,2002,M,1991,12,SolitaryM,-22.22,5.02,168,74,6,0.043,0.063,0.54
W0230,2002,M,1998,5,SolitaryM,-22.94,5.26,207,72,9,0.043,0.063,0.54
W0230,2002,M,1998,5,SolitaryM,-23.23,5.96,207,72,9,0.043,0.063,0.54
W0235,2002,M,1998,5,SolitaryM,-22.94,4.44,111,65,7,0.043,0.063,0.54
W0307,2002,M,2000,3,SolitaryM,-22.84,4.65,55,56,4,0.043,0.063,0.54
W0324,2002,M,1998,5,SolitaryM,-22.52,4.43,122,66,6,0.043,0.063,0.54
W0327,2002,M,1998,5,SolitaryM,-22.82,4.71,NA,66,6,0.043,0.063,0.54
W9301,2002,M,1989,14,SolitaryM,-22.57,5.59,209,82,4,0.043,0.063,0.54
W9311,2002,M,1992,11,SolitaryM,-22.65,5.18,218,82,4,0.043,0.063,0.54
W9401,2002,M,1993,10,SolitaryM,-22.61,4.88,210,81,4,0.043,0.063,0.54
W9807,2002,M,1988,15,SolitaryM,-22.42,4.17,NA,NA,13,0.043,0.063,0.54
W9916,2002,M,1994,9,SolitaryM,-22.54,4.87,140,67,6,0.043,0.063,0.54
W0012,2003,M,1991,13,SolitaryM,-23.2,5.85,230,77,4,0.043,0.073,0.675
W0101,2003,M,1998,6,SolitaryM,-22.61,4.66,147,73,6,0.043,0.073,0.675
W0201,2003,M,1998,6,SolitaryM,-23.02,4.98,196,78,6,0.043,0.073,0.675
W0233,2003,M,1995,9,SolitaryM,-22.99,5.17,88,74,4,0.043,0.073,0.675
W0235,2003,M,1998,6,SolitaryM,-23.09,5.22,122,70,6,0.043,0.073,0.675
W0414,2003,M,1996,8,SolitaryM,-22.63,6.07,185,74,4,0.043,0.073,0.675
W0424,2003,M,1997,7,SolitaryM,-23.33,7.11,198,81,6,0.043,0.073,0.675
W0426,2003,M,2000,4,SolitaryM,-22.92,4.31,99,61.5,6,0.043,0.073,0.675
W8807,2003,M,1984,20,SolitaryM,-23,5.35,170,73,4,0.043,0.073,0.675
W9311,2003,M,1992,12,SolitaryM,-23.22,4.98,210,82,6,0.043,0.073,0.675
W9505,2003,M,1988,16,SolitaryM,-23.25,6.2,228,83,4,0.043,0.073,0.675
W0222,2004,M,2001,4,SolitaryM,-22.83,4.49,73,57,4,0.039,0.066,0.711
W0324,2004,M,1998,7,SolitaryM,-22.92,4.81,155,71,6,0.039,0.066,0.711
W0501,2004,M,1996,9,SolitaryM,-22.83,5.53,231,80,3,0.039,0.066,0.711
W9011,2004,M,1984,21,SolitaryM,-23.6,8.39,NA,78,5,0.039,0.066,0.711
W9301,2004,M,1989,16,SolitaryM,-23.4,4.49,79.5,82,4,0.039,0.066,0.711
W9311,2004,M,1992,13,SolitaryM,NA,NA,195,82,6,0.039,0.066,0.711
W0012,2005,M,1991,15,SolitaryM,-23.11,6.36,224,80,4,0.046,0.079,0.647
W0424,2005,M,1997,9,SolitaryM,-23.18,6.55,241,85,5,0.046,0.079,0.647
W0625,2005,M,2003,3,SolitaryM,-22.85,4.66,NA,59.5,6,0.046,0.079,0.647
W0012,2006,M,1991,16,SolitaryM,-22.97,5.92,204,80,4,0.05,0.087,0.617
W0625,2006,M,2003,4,SolitaryM,-23.17,4.88,93,67,5,0.05,0.087,0.617
W0717,2006,M,1996,11,SolitaryM,-22.93,6.13,218,81,5,0.05,0.087,0.617
W0717,2006,M,1996,11,SolitaryM,-22.71,5.83,218,81,5,0.05,0.087,0.617
W0718,2006,M,2000,7,SolitaryM,-22.99,5.66,208,77,5,0.05,0.087,0.617
W0719,2006,M,2002,5,SolitaryM,-23.08,5.69,114,62.5,5,0.05,0.087,0.617
W9301,2006,M,1989,18,SolitaryM,-22.97,5.57,234,83,4,0.05,0.087,0.617
W0012,2007,M,1991,17,SolitaryM,NA,NA,NA,NA,13,0.052,0.082,0.563
W0013,2007,M,1995,13,SolitaryM,-22.41,5.53,215,77,4,0.052,0.082,0.563
W0101,2007,M,1998,10,SolitaryM,-23.1,4.8,184,78,4,0.052,0.082,0.563
W0228,2007,M,1998,10,SolitaryM,-22.69,5.26,135,71,4,0.052,0.082,0.563
W0424,2007,M,1997,11,SolitaryM,-23.11,7.14,250,89,4,0.052,0.082,0.563
W0612,2007,M,2005,3,SolitaryM,-22.78,4.59,80,58,4,0.052,0.082,0.563
W0613,2007,M,2005,3,SolitaryM,-22.59,4.38,83,56,4,0.052,0.082,0.563
W0625,2007,M,2003,5,SolitaryM,-22.71,4.79,NA,66,6,0.052,0.082,0.563
W0719,2007,M,2002,6,SolitaryM,-22.84,5.34,170,67,4,0.052,0.082,0.563
W0801,2007,M,1988,20,SolitaryM,-22.62,6.18,180,80,4,0.052,0.082,0.563
W0802,2007,M,2003,5,SolitaryM,-22.61,5.58,NA,67,6,0.052,0.082,0.563
W0803,2007,M,1992,16,SolitaryM,-22.63,5.73,230,85,4,0.052,0.082,0.563
W0804,2007,M,2004,4,SolitaryM,-22.98,5.36,136,68,4,0.052,0.082,0.563
W0805,2007,M,2002,6,SolitaryM,-23.08,6.18,171,72,4,0.052,0.082,0.563
W0827,2007,M,2004,4,SolitaryM,-23.27,4.14,111,65,6,0.052,0.082,0.563
W9301,2007,M,1989,19,SolitaryM,-22.93,4.87,188,79,4,0.052,0.082,0.563
W0012,2008,M,1991,18,SolitaryM,-22.95,6.56,NA,82,5,0.044,0.071,0.629
W0013,2008,M,1995,14,SolitaryM,-22.55,5.36,228,72,4,0.044,0.071,0.629
W0101,2008,M,1998,11,SolitaryM,-23.07,5,209,77,4,0.044,0.071,0.629
W0108,2008,M,1990,19,SolitaryM,-22.75,4.75,NA,NA,13,0.044,0.071,0.629
W0228,2008,M,1998,11,SolitaryM,-23.41,4.63,182,72,4,0.044,0.071,0.629
W0612,2008,M,2005,4,SolitaryM,-22.65,4.41,97,66,4,0.044,0.071,0.629
W0625,2008,M,2003,6,SolitaryM,-22.9,5,NA,72,5,0.044,0.071,0.629
W0718,2008,M,2000,9,SolitaryM,-23.09,5.4,192,76,4,0.044,0.071,0.629
W0718,2008,M,2000,9,SolitaryM,-23.27,4.98,192,76,4,0.044,0.071,0.629
W0719,2008,M,2002,7,SolitaryM,NA,NA,NA,NA,13,0.044,0.071,0.629
W0802,2008,M,2003,6,SolitaryM,-23.13,5.27,128,67,4,0.044,0.071,0.629
W0803,2008,M,1992,17,SolitaryM,NA,NA,NA,NA,13,0.044,0.071,0.629
W0805,2008,M,2002,7,SolitaryM,-23.08,5.91,197,78,4,0.044,0.071,0.629
W0824,2008,M,2007,2,SolitaryM,-23.13,4.2,25,43,4,0.044,0.071,0.629
W0827,2008,M,2004,5,SolitaryM,-23.05,5.14,129,68,4,0.044,0.071,0.629
W0915,2008,M,2002,7,SolitaryM,-22.76,7.04,162,72,5,0.044,0.071,0.629
W0916,2008,M,2005,4,SolitaryM,-23.24,4.69,140,70,5,0.044,0.071,0.629
W0917,2008,M,2003,6,SolitaryM,-23.26,5.35,187,75,5,0.044,0.071,0.629
W9301,2008,M,1989,20,SolitaryM,-22.97,4.82,186,79,4,0.044,0.071,0.629
W0013,2009,M,1995,15,SolitaryM,-23.04,5.76,188,76,4,0.044,0.077,0.682
W0210,2009,M,2001,9,SolitaryM,-22.9,4.37,NA,NA,13,0.044,0.077,0.682
W0424,2009,M,1997,13,SolitaryM,-23.54,6.57,234,89,4,0.044,0.077,0.682
W0612,2009,M,2005,5,SolitaryM,NA,NA,NA,NA,13,0.044,0.077,0.682
W0625,2009,M,2003,7,SolitaryM,-23.17,5.41,130,69,4,0.044,0.077,0.682
W0718,2009,M,2000,10,SolitaryM,-23.17,5.95,180,72,4,0.044,0.077,0.682
W0719,2009,M,2002,8,SolitaryM,-23.2,5.67,142,63,4,0.044,0.077,0.682
W0802,2009,M,2003,7,SolitaryM,-23.34,5.64,155,73,4,0.044,0.077,0.682
W0805,2009,M,2002,8,SolitaryM,-22.95,6.07,NA,81,4,0.044,0.077,0.682
W0810,2009,M,2007,3,SolitaryM,-23.19,4.25,78,55,4,0.044,0.077,0.682
W0811,2009,M,2007,3,SolitaryM,-22.97,4.29,70,52,4,0.044,0.077,0.682
W0812,2009,M,2007,3,SolitaryM,-23,4.17,77,54,6,0.044,0.077,0.682
W0827,2009,M,2004,6,SolitaryM,-23.21,5.8,NA,68,4,0.044,0.077,0.682
W0915,2009,M,2002,8,SolitaryM,NA,NA,NA,NA,13,0.044,0.077,0.682
W0916,2009,M,2005,5,SolitaryM,NA,NA,NA,NA,13,0.044,0.077,0.682
W1001,2009,M,2000,10,SolitaryM,-23.17,5.99,183,69,4,0.044,0.077,0.682
W1019,2009,M,2004,6,SolitaryM,-23.61,5.62,168,73,5,0.044,0.077,0.682
W1020,2009,M,2004,6,SolitaryM,-23.32,6.83,190,73,5,0.044,0.077,0.682
W9301,2009,M,1989,21,SolitaryM,-22.77,6.18,170,78,4,0.044,0.077,0.682
W0013,2010,M,1995,16,SolitaryM,-22.51,6.46,225,76,4,0.049,0.09,0.656
W0625,2010,M,2003,8,SolitaryM,-23.04,5.71,121,70,4,0.049,0.09,0.656
W0718,2010,M,2000,11,SolitaryM,-22.78,6.72,171,70,4,0.049,0.09,0.656
W0719,2010,M,2002,9,SolitaryM,-23.08,5.53,152,67,4,0.049,0.09,0.656
W0802,2010,M,2003,8,SolitaryM,-23.37,7,152,72,4,0.049,0.09,0.656
W0805,2010,M,2002,9,SolitaryM,-22.91,6.81,200,80,4,0.049,0.09,0.656
W0810,2010,M,2007,4,SolitaryM,-23.57,6.17,102,64,4,0.049,0.09,0.656
W0811,2010,M,2007,4,SolitaryM,-22.65,5.22,76,61,4,0.049,0.09,0.656
W0812,2010,M,2007,4,SolitaryM,-22.75,5.01,86,61,6,0.049,0.09,0.656
W0824,2010,M,2007,4,SolitaryM,-23.05,4.82,74,58,4,0.049,0.09,0.656
W0827,2010,M,2004,7,SolitaryM,NA,NA,NA,NA,13,0.049,0.09,0.656
W0901,2010,M,2008,3,SolitaryM,-23.22,5.09,74,55,4,0.049,0.09,0.656
W0902,2010,M,2008,3,SolitaryM,-23.6,6.29,99,58,4,0.049,0.09,0.656
W0903,2010,M,2008,3,SolitaryM,-23.08,4.96,68,54,4,0.049,0.09,0.656
W0910,2010,M,2008,3,SolitaryM,-22.8,4.27,55,51,4,0.049,0.09,0.656
W1001,2010,M,2000,11,SolitaryM,-23.08,6.32,153,70,4,0.049,0.09,0.656
W1019,2010,M,2004,7,SolitaryM,-23.18,5.9,206,79,4,0.049,0.09,0.656
W1020,2010,M,2004,7,SolitaryM,-23.79,5.91,178,72,4,0.049,0.09,0.656
W9301,2010,M,1989,22,SolitaryM,NA,NA,NA,NA,13,0.049,0.09,0.656
W0625,2011,M,2003,9,SolitaryM,-23.27,5.37,148,71,4,0.048,0.083,0.645
W0718,2011,M,2000,12,SolitaryM,NA,NA,NA,NA,13,0.048,0.083,0.645
W0719,2011,M,2002,10,SolitaryM,-23.14,5.82,143,66,4,0.048,0.083,0.645
W0802,2011,M,2003,9,SolitaryM,NA,NA,NA,NA,13,0.048,0.083,0.645
W0805,2011,M,2002,10,SolitaryM,-22.95,6.55,207,78,4,0.048,0.083,0.645
W0810,2011,M,2007,5,SolitaryM,NA,NA,NA,NA,13,0.048,0.083,0.645
W0811,2011,M,2007,5,SolitaryM,-23.33,4.88,143,70.5,8,0.048,0.083,0.645
W0812,2011,M,2007,5,SolitaryM,-22.99,5.42,93,60,4,0.048,0.083,0.645
W0824,2011,M,2007,5,SolitaryM,NA,NA,NA,NA,13,0.048,0.083,0.645
W0901,2011,M,2008,4,SolitaryM,NA,NA,NA,NA,13,0.048,0.083,0.645
W0903,2011,M,2008,4,SolitaryM,NA,NA,NA,NA,13,0.048,0.083,0.645
W0908,2011,M,2008,4,SolitaryM,-23.27,5.26,60,52,4,0.048,0.083,0.645
W0910,2011,M,2008,4,SolitaryM,-23.09,5.07,100,58,4,0.048,0.083,0.645
W1001,2011,M,2000,12,SolitaryM,NA,NA,NA,NA,13,0.048,0.083,0.645
W1010,2011,M,2009,3,SolitaryM,-22.88,5.05,42,51,5,0.048,0.083,0.645
W1019,2011,M,2004,8,SolitaryM,-23.37,6.94,233,81,4,0.048,0.083,0.645
W1020,2011,M,2004,8,SolitaryM,NA,NA,NA,NA,13,0.048,0.083,0.645
W1103,2011,M,2010,2,SolitaryM,-22.8,4.86,30,43,4,0.048,0.083,0.645
W1201,2011,M,2009,3,SolitaryM,-23.1,6.22,93,60,4,0.048,0.083,0.645
W1208,2011,M,2009,3,SolitaryM,-23.75,5.71,53.5,53,5,0.048,0.083,0.645
W1320,2011,M,2007,5,SolitaryM,-22.57,5.57,NA,NA,13,0.048,0.083,0.645
W0625,2012,M,2003,10,SolitaryM,-23.45,5.47,162,72,4,0.043,0.074,0.67
W0719,2012,M,2002,11,SolitaryM,-23.43,6.9,159,68,4,0.043,0.074,0.67
W0805,2012,M,2002,11,SolitaryM,-23.27,6.6,215,84,5,0.043,0.074,0.67
W0811,2012,M,2007,6,SolitaryM,-23.49,5.24,NA,71,6,0.043,0.074,0.67
W0812,2012,M,2007,6,SolitaryM,-23.41,5.11,113,67,4,0.043,0.074,0.67
W0908,2012,M,2008,5,SolitaryM,-23.27,4.83,98,62,4,0.043,0.074,0.67
W0910,2012,M,2008,5,SolitaryM,-23.48,5.93,139,67,4,0.043,0.074,0.67
W1019,2012,M,2004,9,SolitaryM,NA,NA,NA,NA,13,0.043,0.074,0.67
W1103,2012,M,2010,3,SolitaryM,-22.98,4.35,72,56,4,0.043,0.074,0.67
W1210,2012,M,2008,5,SolitaryM,-23.4,4.6,85,62,4,0.043,0.074,0.67
W1211,2012,M,2000,13,SolitaryM,-23.26,6.09,172,72.5,4,0.043,0.074,0.67
W1312,2012,M,2008,5,SolitaryM,-22.4,4.62,89,58,5,0.043,0.074,0.67
W1314,2012,M,2009,4,SolitaryM,-22.42,4.8,118,68,5,0.043,0.074,0.67
W1318,2012,M,2005,8,SolitaryM,-22.96,6.35,173.5,72,5,0.043,0.074,0.67
W0719,2013,M,2002,12,SolitaryM,NA,NA,NA,NA,13,0.036,0.061,0.73
W0805,2013,M,2002,12,SolitaryM,NA,NA,NA,NA,13,0.036,0.061,0.73
W0811,2013,M,2007,7,SolitaryM,NA,NA,NA,NA,13,0.036,0.061,0.73
W0812,2013,M,2007,7,SolitaryM,NA,NA,NA,NA,13,0.036,0.061,0.73
W0908,2013,M,2008,6,SolitaryM,NA,NA,NA,NA,13,0.036,0.061,0.73
W1210,2013,M,2008,6,SolitaryM,NA,NA,NA,NA,13,0.036,0.061,0.73
W1211,2013,M,2000,14,SolitaryM,NA,NA,NA,NA,13,0.036,0.061,0.73
W1312,2013,M,2008,6,SolitaryM,NA,NA,NA,NA,13,0.036,0.061,0.73
W1314,2013,M,2009,5,SolitaryM,NA,NA,NA,NA,13,0.036,0.061,0.73
W1320,2013,M,2007,7,SolitaryM,NA,NA,NA,NA,13,0.036,0.061,0.73
W1317,2013,M,2019,1,SolitaryM,-23.14,4.06,40,45,2,0.036,0.061,0.73
W1316,2013,M,2019,1,SolitaryM,-23.3,3.79,42,46.5,2,0.036,0.061,0.73
W1204,2013,F,2020,2,SolitaryM,-23.24,3.87,55,52,4,0.036,0.061,0.73
W1312,2013,M,NA,5,SolitaryM,-23.22,6.17,98,60,4,0.036,0.061,0.73
W1210,2013,M,2016,5,SolitaryM,-22.93,4.96,103,64,4,0.036,0.061,0.73
W1314,2013,M,2008,4,SolitaryM,-23.84,4.88,117,67,4,0.036,0.061,0.73
W0908,2013,M,NA,5,SolitaryM,-23.38,5.1,154,69,4,0.036,0.061,0.73
W0719,2013,M,2008,11,SolitaryM,-23.36,6.53,NA,71,4,0.036,0.061,0.73
W0910,2013,M,2000,5,SolitaryM,-23.53,5.74,186,71,4,0.036,0.061,0.73
W1211,2013,M,2014,13,SolitaryM,-23.56,6.52,162,71,4,0.036,0.061,0.73
W0625,2013,M,NA,10,SolitaryM,-23.23,5.48,203,75,4,0.036,0.061,0.73
W1416,2013,M,2007,NA,SolitaryM,-23.84,6.42,177,78,6,0.036,0.061,0.73
W0910,2016,M,2008,9,SolitaryM,NA,NA,NA,NA,13,0.037,0.057,0.668
W1204,2016,M,2011,6,SolitaryM,NA,NA,NA,NA,13,0.037,0.057,0.668
W1211,2016,M,2000,17,SolitaryM,NA,NA,NA,NA,13,0.037,0.057,0.668
W1404,2016,M,2013,4,SolitaryM,NA,NA,NA,NA,13,0.037,0.057,0.668
W1610,2016,F,2014,1,SolitaryM,-23.16,4.01,45,46,3,0.037,0.057,0.668
W1601,2016,F,2019,1,SolitaryM,-22.91,3.68,48,49,2,0.037,0.057,0.668
W1404,2016,F,2019,3,SolitaryM,-23.07,4.61,58,54,4,0.037,0.057,0.668
W1204,2016,M,2009,5,SolitaryM,-23.79,5.2,153.8,67,4,0.037,0.057,0.668
W1416,2016,M,2002,NA,SolitaryM,-23.47,5.98,240.8,80,4,0.037,0.057,0.668
W1204,2017,M,2011,7,SolitaryM,NA,NA,NA,NA,13,0.046,0.075,0.62
W1801,2017,M,NA,NA,SolitaryM,-23.25,5.14,69,56,4,0.046,0.075,0.62
W1912,2018,M,2017,NA,SolitaryM,-23.15,3.96,96,61,5,0.037,0.058,0.634
W1908,2018,M,2015,NA,SolitaryM,-23.09,4.03,116,63,5,0.037,0.058,0.634
W1902,2018,M,NA,NA,SolitaryM,-23.2,4.02,150,69,4,0.037,0.058,0.634
W1904,2018,M,2002,NA,SolitaryM,-23.46,5.6,146,70,4,0.037,0.058,0.634
W2028,2019,M,2020,1,SolitaryM,-23.11,3.71,65,51,5,0.037,0.056,0.399
W2021,2019,M,2018,1,SolitaryM,-22.7,5.28,59,53,5,0.037,0.056,0.399
W2008,2019,M,2016,NA,SolitaryM,-23.13,4.89,96,57,4,0.037,0.056,0.399
W2029,2019,M,2008,3,SolitaryM,-22.85,4.12,91,58,5,0.037,0.056,0.399
W2003,2019,M,NA,2,SolitaryM,-23.53,4.45,108,62,4,0.037,0.056,0.399
W2002,2019,M,2008,4,SolitaryM,-23.16,4.36,109,63.5,4,0.037,0.056,0.399
W2020,2019,M,NA,3,SolitaryM,-23.35,4.47,140,65,4,0.037,0.056,0.399
W1908,2019,M,NA,NA,SolitaryM,-21.15,5,NA,66,4,0.037,0.056,0.399
W2027,2019,M,NA,NA,SolitaryM,-22.31,5.87,NA,72,5,0.037,0.056,0.399
W1902,2019,M,2003,NA,SolitaryM,-23.27,5.39,180,73,4,0.037,0.056,0.399
W2018,2020,F,2019,1,SolitaryM,-23.37,3.89,28,44,4,0.041,0.067,0.698
W2007,2020,F,2008,1,SolitaryM,-23.11,4.37,38,45,5,0.041,0.067,0.698
W2004,2020,M,2019,1,SolitaryM,-23.28,4.42,35,47,4,0.041,0.067,0.698
W2104,2020,M,2013,2,SolitaryM,-23.49,4.5,63,53,4,0.041,0.067,0.698
W1908,2020,M,2011,NA,SolitaryM,-23.09,5.26,NA,66,5,0.041,0.067,0.698
W2108,2020,M,NA,6,SolitaryM,-23.62,4.92,160,71,4,0.041,0.067,0.698
W2102,2020,M,NA,13,SolitaryM,-23.48,6.59,236,78,4,0.041,0.067,0.698
W2105,2020,,,18,SolitaryM,-23.62,8.69,320,84,4,0.041,0.067,0.698
W8808,1995,F,1981,15,WithCubs,-22.55,3.92,94,62,4,0.024,0.019,0.58
W8811,1995,F,1978,18,WithCubs,-22.18,4.69,102,64,4,0.024,0.019,0.58
W8905,1995,F,1987,9,WithCubs,-22.22,4.29,85,59,4,0.024,0.019,0.58
W9003,1995,F,1989,7,WithCubs,NA,NA,92,58,4,0.024,0.019,0.58
W9008,1995,F,1986,10,WithCubs,-23.01,3.26,95,60,4,0.024,0.019,0.58
W9207,1995,F,1991,5,WithCubs,-23,3.54,76,56,4,0.024,0.019,0.58
W8811,1996,F,1978,19,WithCubs,-22.17,4.99,104,62,4,0.057,0.048,0.496
W8904,1996,F,1987,10,WithCubs,-22.63,5.13,100,62,4,0.057,0.048,0.496
W8906,1996,F,1981,16,WithCubs,-22.63,4.44,118,65,4,0.057,0.048,0.496
W9003,1996,F,1989,8,WithCubs,-22.31,5.03,103,59,4,0.057,0.048,0.496
W9208,1996,F,1991,6,WithCubs,-22.44,5.37,99,59,4,0.057,0.048,0.496
W9008,1997,F,1986,12,WithCubs,-22.96,3.92,102,62,4,0.027,0.021,0.514
W9101,1997,F,1990,8,WithCubs,-22.81,4.09,95,62,4,0.027,0.021,0.514
W9306,1997,F,1992,6,WithCubs,-22.49,3.8,84,58,4,0.027,0.021,0.514
W9308,1997,F,1988,10,WithCubs,-22.29,4.26,95,63,4,0.027,0.021,0.514
W9310,1997,F,1992,6,WithCubs,-22.15,3.99,90,62,4,0.027,0.021,0.514
W8808,1998,F,1981,18,WithCubs,-22.4,4.21,90,61,4,0.041,0.034,0.46
W8906,1998,F,1981,18,WithCubs,-22.48,4.82,110,66,4,0.041,0.034,0.46
W9003,1998,F,1989,10,WithCubs,-22.56,4.41,104,61,4,0.041,0.034,0.46
W9404,1998,F,1993,6,WithCubs,-22.58,4.05,89,57,4,0.041,0.034,0.46
W9904,1998,F,1994,5,WithCubs,-21.7,5.21,111,60,4,0.041,0.034,0.46
W0004,1999,F,1994,6,WithCubs,-22.3,4.62,95,59,4,0.044,0.036,0.505
W8904,1999,F,1987,13,WithCubs,-22.42,5.17,107,60,4,0.044,0.036,0.505
W9008,1999,F,1986,14,WithCubs,-22.9,3.92,111,61,4,0.044,0.036,0.505
W9307,1999,F,1992,8,WithCubs,-22.55,4.77,89,59,4,0.044,0.036,0.505
W9310,1999,F,1992,8,WithCubs,-22.55,3.87,100,60,4,0.044,0.036,0.505
W9403,1999,F,1993,7,WithCubs,-22.28,4.89,102,58,4,0.044,0.036,0.505
W9502,1999,F,1994,6,WithCubs,-22.44,4.97,104,63,4,0.044,0.036,0.505
W9504,1999,F,1994,6,WithCubs,-22.39,4.99,82,57,4,0.044,0.036,0.505
W8906,2000,F,1981,20,WithCubs,-22.38,4.72,125,69,4,0.045,0.037,0.498
W9003,2000,F,1989,12,WithCubs,-22.58,5.1,112,62,4,0.045,0.037,0.498
W9101,2000,F,1990,11,WithCubs,-22.51,4.29,93,61,4,0.045,0.037,0.498
W9909,2000,F,1989,12,WithCubs,NA,NA,100,61,4,0.045,0.037,0.498
W0004,2001,F,1994,8,WithCubs,-22.42,4.27,86,60,4,0.031,0.025,0.533
W0109,2001,F,1994,8,WithCubs,-22.44,3.81,76,57,4,0.031,0.025,0.533
W9007,2001,F,1986,16,WithCubs,-22.55,4.25,90,62,4,0.031,0.025,0.533
W9008,2001,F,1986,16,WithCubs,-23.07,3.99,96,63,4,0.031,0.025,0.533
W9307,2001,F,1992,10,WithCubs,-22.7,4.59,89,59,4,0.031,0.025,0.533
W9403,2001,F,1993,9,WithCubs,-22.44,4.47,80,58,4,0.031,0.025,0.533
W9404,2001,F,1993,9,WithCubs,-22.88,4.11,104,64,4,0.031,0.025,0.533
W9502,2001,F,1994,8,WithCubs,-22.86,4.2,88,62,4,0.031,0.025,0.533
W8808,2002,F,1981,22,WithCubs,-22.53,4.22,83,62,4,0.031,0.025,0.501
W8904,2002,F,1987,16,WithCubs,-22.83,4.39,84,60,4,0.031,0.025,0.501
W8906,2002,F,1981,22,WithCubs,-22.64,4.65,97,65,4,0.031,0.025,0.501
W9101,2002,F,1990,13,WithCubs,-22.57,4.6,81,61,4,0.031,0.025,0.501
W9308,2002,F,1988,15,WithCubs,-22.45,4.34,101,65,4,0.031,0.025,0.501
W9310,2002,F,1992,11,WithCubs,-22.58,3.2,88,64,4,0.031,0.025,0.501
W9615,2002,F,1995,8,WithCubs,-22.3,4.35,92,58,4,0.031,0.025,0.501
W9804,2002,F,1997,6,WithCubs,-22.48,4.13,64,56,4,0.031,0.025,0.501
W9909,2002,F,1989,14,WithCubs,-22.62,3.86,78,66,4,0.031,0.025,0.501
W0004,2003,F,1994,10,WithCubs,-22.58,4.02,95,62,4,0.025,0.02,0.622
W0109,2003,F,1994,10,WithCubs,-23.14,3.93,87,62,4,0.025,0.02,0.622
W0231,2003,F,1992,12,WithCubs,-23.36,4.61,98,65,4,0.025,0.02,0.622
W0234,2003,F,1999,5,WithCubs,-23.05,4.15,74,56,4,0.025,0.02,0.622
W0237,2003,F,1997,7,WithCubs,-22.69,3.82,93,61,4,0.025,0.02,0.622
W9007,2003,F,1986,18,WithCubs,-22.67,4.19,98,62,4,0.025,0.02,0.622
W9307,2003,F,1992,12,WithCubs,-23.31,4.48,110,65,4,0.025,0.02,0.622
W9502,2003,F,1994,10,WithCubs,-23.2,3.85,100,64,4,0.025,0.02,0.622
W9814,2003,F,1997,7,WithCubs,-22.59,3.84,87,61,4,0.025,0.02,0.622
W9913,2003,F,1998,6,WithCubs,-22.63,3.67,101,60,4,0.025,0.02,0.622
W0018,2004,F,1999,6,WithCubs,-22.82,4.27,82,58,4,0.026,0.021,0.562
W0236,2004,F,1999,6,WithCubs,-22.82,3.64,91,59,4,0.026,0.021,0.562
W0326,2004,F,1993,12,WithCubs,-22.35,3.95,96,62,4,0.026,0.021,0.562
W8906,2004,F,1981,24,WithCubs,-23.5,3.89,127,70,4,0.026,0.021,0.562
W9101,2004,F,1990,15,WithCubs,-23.15,4.46,106,64,4,0.026,0.021,0.562
W9615,2004,F,1995,10,WithCubs,-22.76,3.88,95,62,4,0.026,0.021,0.562
W9804,2004,F,1997,8,WithCubs,NA,NA,74,55,4,0.026,0.021,0.562
W9806,2004,F,1996,9,WithCubs,-22.87,4.29,94,64,4,0.026,0.021,0.562
W9903,2004,F,1997,8,WithCubs,-22.38,4.01,75,60,4,0.026,0.021,0.562
W0004,2005,F,1994,12,WithCubs,-22.71,4.47,95,64,5,0.035,0.029,0.598
W0010,2005,F,1999,7,WithCubs,-23.33,4.37,83,60,4,0.035,0.029,0.598
W0104,2005,F,2000,6,WithCubs,-22.73,4.36,77,59,4,0.035,0.029,0.598
W0229,2005,F,1998,8,WithCubs,-22.74,4.34,89,60,4,0.035,0.029,0.598
W0425,2005,F,2000,6,WithCubs,-22.94,4.81,72,57,4,0.035,0.029,0.598
W0626,2005,F,2000,6,WithCubs,-23.01,4.44,76,57,6,0.035,0.029,0.598
W8904,2005,F,1987,19,WithCubs,-23.22,4.75,91,61,4,0.035,0.029,0.598
W9308,2005,F,1988,18,WithCubs,-22.69,4.25,93,66,5,0.035,0.029,0.598
W9403,2005,F,1993,13,WithCubs,-23.03,4.41,90,62,5,0.035,0.029,0.598
W9909,2005,F,1989,17,WithCubs,-23.08,4.75,109,65,4,0.035,0.029,0.598
W9913,2005,F,1998,8,WithCubs,-23,3.99,99,62,5,0.035,0.029,0.598
W9914,2005,F,1998,8,WithCubs,-22.47,4.51,94,63,5,0.035,0.029,0.598
W0018,2006,F,1999,8,WithCubs,-23.01,4.71,97,63,4,0.042,0.036,0.565
W0107,2006,F,2000,7,WithCubs,-22.6,4.75,85,65,4,0.042,0.036,0.565
W0209,2006,F,2001,6,WithCubs,-23.18,4.75,81,59,4,0.042,0.036,0.565
W0517,2006,F,2001,6,WithCubs,-22.98,4.57,62,53.5,4,0.042,0.036,0.565
W9403,2006,F,1993,14,WithCubs,-22.84,4.82,90,61,5,0.042,0.036,0.565
W9615,2006,F,1995,12,WithCubs,-22.85,4.95,106,63,4,0.042,0.036,0.565
W9806,2006,F,1996,11,WithCubs,-23.01,4.63,91,64,4,0.042,0.036,0.565
W9814,2006,F,1997,10,WithCubs,-22.55,4.17,85,62,4,0.042,0.036,0.565
W0004,2007,F,1994,14,WithCubs,-22.79,4.24,88,65,4,0.031,0.025,0.459
W0010,2007,F,1999,9,WithCubs,-22.48,3.7,81,58,4,0.031,0.025,0.459
W0231,2007,F,1992,16,WithCubs,-22.84,4.6,88,65,4,0.031,0.025,0.459
W0237,2007,F,1997,11,WithCubs,-22.69,4.01,120,64,8,0.031,0.025,0.459
W0326,2007,F,1993,15,WithCubs,-22.36,4.25,89,65,4,0.031,0.025,0.459
W0425,2007,F,2000,8,WithCubs,-22.51,4.23,71,58,4,0.031,0.025,0.459
W9903,2007,F,1997,11,WithCubs,-22.51,4.07,71,61,4,0.031,0.025,0.459
W0107,2008,F,2000,9,WithCubs,-22.61,4.45,97,66,4,0.036,0.029,0.497
W0229,2008,F,1998,11,WithCubs,-22.6,4.3,98,64.5,4,0.036,0.029,0.497
W0231,2008,F,1992,17,WithCubs,-22.63,4.86,83,67,4,0.036,0.029,0.497
W0326,2008,F,1993,16,WithCubs,NA,NA,NA,NA,13,0.036,0.029,0.497
W9308,2008,F,1988,21,WithCubs,-22.66,4.08,110,70,4,0.036,0.029,0.497
W9403,2008,F,1993,16,WithCubs,-23.03,4.08,92,63,4,0.036,0.029,0.497
W9615,2008,F,1995,14,WithCubs,-22.7,4.36,105,63,4,0.036,0.029,0.497
W9914,2008,F,1998,11,WithCubs,-22.76,4.43,95,63,4,0.036,0.029,0.497
W0104,2009,F,2000,10,WithCubs,-22.78,4.8,97,62,4,0.03,0.024,0.535
W0237,2009,F,1997,13,WithCubs,-22.63,3.49,90,60.5,4,0.03,0.024,0.535
W0603,2009,F,2005,5,WithCubs,NA,NA,NA,NA,13,0.03,0.024,0.535
W0626,2009,F,2000,10,WithCubs,NA,NA,NA,NA,13,0.03,0.024,0.535
W0716,2009,F,2001,9,WithCubs,-23.2,3.94,89,60,4,0.03,0.024,0.535
W0720,2009,F,2000,10,WithCubs,NA,NA,NA,NA,13,0.03,0.024,0.535
W0826,2009,F,1997,13,WithCubs,-22.55,4.11,83,62,4,0.03,0.024,0.535
W9403,2009,F,1993,17,WithCubs,-22.95,4.52,87,57,4,0.03,0.024,0.535
W9814,2009,F,1997,13,WithCubs,-22.92,4.16,86,63,4,0.03,0.024,0.535
W9903,2009,F,1997,13,WithCubs,-22.57,4.27,78,63,4,0.03,0.024,0.535
W0217,2010,F,2001,10,WithCubs,-22.96,4.5,68,57,4,0.04,0.032,0.418
W0219,2010,F,2001,10,WithCubs,-23.26,4.58,80,61,4,0.04,0.032,0.418
W0303,2010,F,2002,9,WithCubs,-22.18,4.62,74,56,4,0.04,0.032,0.418
W0326,2010,F,1993,18,WithCubs,-22.56,4.4,82,60,4,0.04,0.032,0.418
W0425,2010,F,2000,11,WithCubs,-22.82,4.18,65.4,57,4,0.04,0.032,0.418
W0504,2010,F,2004,7,WithCubs,NA,NA,NA,NA,13,0.04,0.032,0.418
W0517,2010,F,2001,10,WithCubs,-22.06,4.26,58,54,4,0.04,0.032,0.418
W0623,2010,F,2005,6,WithCubs,-23.11,4.4,70,57,4,0.04,0.032,0.418
W0720,2010,F,2000,11,WithCubs,-22.76,4.65,56,56,4,0.04,0.032,0.418
W0826,2010,F,1997,14,WithCubs,NA,NA,NA,NA,13,0.04,0.032,0.418
W9615,2010,F,1995,16,WithCubs,-22.15,4.61,90,58,4,0.04,0.032,0.418
W0104,2011,F,2000,12,WithCubs,-22.88,4.33,78,60,5,0.036,0.029,0.532
W0217,2011,F,2001,11,WithCubs,NA,NA,NA,NA,13,0.036,0.029,0.532
W0326,2011,F,1993,19,WithCubs,NA,NA,NA,NA,13,0.036,0.029,0.532
W0620,2011,F,2005,7,WithCubs,-22.77,4.42,79,63,5,0.036,0.029,0.532
W0716,2011,F,2001,11,WithCubs,-23.02,4.49,87,60,5,0.036,0.029,0.532
W0217,2012,F,2001,12,WithCubs,-23.12,4.69,79,59,5,0.037,0.032,0.627
W0303,2012,F,2002,11,WithCubs,-22.89,4.2,80,61,4,0.037,0.032,0.627
W0425,2012,F,2000,13,WithCubs,-23.49,4.65,76,59,5,0.037,0.032,0.627
W0605,2012,F,2005,8,WithCubs,-23.13,4.63,72,57,4,0.037,0.032,0.627
W0621,2012,F,2005,8,WithCubs,-23.11,4.21,86,62,4,0.037,0.032,0.627
W9403,2012,F,1993,20,WithCubs,-23.1,5.18,93,62.5,4,0.037,0.032,0.627
W9914,2012,F,1998,15,WithCubs,-23.3,4.58,98,61,4,0.037,0.032,0.627
W0217,2013,F,2001,13,WithCubs,NA,NA,NA,NA,13,0.029,0.024,0.61
W0517,2013,F,2001,13,WithCubs,NA,NA,NA,NA,13,0.029,0.024,0.61
W0605,2013,F,2005,9,WithCubs,NA,NA,NA,NA,13,0.029,0.024,0.61
W0620,2013,F,2005,9,WithCubs,NA,NA,NA,NA,13,0.029,0.024,0.61
W0623,2013,F,2005,9,WithCubs,NA,NA,NA,NA,13,0.029,0.024,0.61
W0720,2013,F,2000,14,WithCubs,NA,NA,NA,NA,13,0.029,0.024,0.61
W0217,2013,F,2001,12,WithCubs,-23.14,4.55,82.5,59,4,0.029,0.024,0.61
W0517,2013,F,2005,12,WithCubs,-23.07,4.15,76,55,4,0.029,0.024,0.61
W0605,2013,F,2005,8,WithCubs,-22.96,4.51,89,58,4,0.029,0.024,0.61
W0620,2013,F,2005,8,WithCubs,-23.14,4.72,94,59,4,0.029,0.024,0.61
W0623,2013,F,2006,8,WithCubs,-23.24,3.34,79,58,4,0.029,0.024,0.61
W0706,2013,F,2001,7,WithCubs,-22.81,4.42,73,57,4,0.029,0.024,0.61
W0716,2013,F,2000,12,WithCubs,-23.43,4.2,87.5,57,4,0.029,0.024,0.61
W0720,2013,M,2012,13,WithCubs,-22.94,4.27,60,55,4,0.029,0.024,0.61
W9903,2013,F,2005,16,WithCubs,-22.98,3.97,82,59,4,0.029,0.024,0.61
W0104,2014,F,2000,15,WithCubs,-23.19,4.15,83.6,59,4,0.038,0.031,0.584
W0611,2014,F,2005,10,WithCubs,NA,NA,NA,NA,13,0.038,0.031,0.584
W0620,2014,F,2005,10,WithCubs,-23.22,4.85,106.5,63,4,0.038,0.031,0.584
W0713,2014,F,2006,9,WithCubs,-23.17,4.68,62.8,56.5,4,0.038,0.031,0.584
W0720,2014,F,2000,15,WithCubs,-22.97,4.48,76.6,59,4,0.038,0.031,0.584
W9403,2014,F,1993,22,WithCubs,NA,NA,NA,NA,13,0.038,0.031,0.584
W0104,2015,F,2000,16,WithCubs,-23.38,4.4,102,59,5,0.032,0.028,0.727
W0425,2015,F,2000,16,WithCubs,NA,NA,NA,NA,13,0.032,0.028,0.727
W0605,2015,F,2005,11,WithCubs,-23.55,4.49,80.8,58,5,0.032,0.028,0.727
W0621,2015,F,2005,11,WithCubs,-23.12,4.42,93,62,5,0.032,0.028,0.727
W0623,2015,F,2005,11,WithCubs,-23.63,3.91,88,64,5,0.032,0.028,0.727
W0706,2015,F,2006,10,WithCubs,-23.3,4.63,83.6,59,5,0.032,0.028,0.727
W1017,2015,F,2009,7,WithCubs,-23.07,4.54,86.8,57,5,0.032,0.028,0.727
W1112,2015,F,2010,6,WithCubs,-23.44,4.85,89.6,62,5,0.032,0.028,0.727
W1203,2015,F,2008,8,WithCubs,-23.8,5.17,77.8,56.5,5,0.032,0.028,0.727
W1319,2015,F,2009,7,WithCubs,-23.51,4.36,72.6,57,5,0.032,0.028,0.727
W1417,2015,F,NA,NA,WithCubs,-24.12,4.66,76,55,5,0.032,0.028,0.727
W9903,2015,F,1997,19,WithCubs,NA,NA,NA,NA,13,0.032,0.028,0.727
W0605,2016,F,2005,12,WithCubs,NA,NA,NA,NA,13,0.027,0.022,0.589
W0621,2016,F,2005,12,WithCubs,NA,NA,NA,NA,13,0.027,0.022,0.589
W0720,2016,F,2000,17,WithCubs,NA,NA,NA,NA,13,0.027,0.022,0.589
W1011,2016,F,2009,8,WithCubs,NA,NA,NA,NA,13,0.027,0.022,0.589
W1205,2016,F,2011,6,WithCubs,NA,NA,NA,NA,13,0.027,0.022,0.589
W9403,2016,F,1993,24,WithCubs,NA,NA,NA,NA,13,0.027,0.022,0.589
W0605,2016,F,2005,11,WithCubs,-23.06,4.23,86,60,4,0.027,0.022,0.589
W0621,2016,F,2000,11,WithCubs,-22.68,3.67,82.8,59,5,0.027,0.022,0.589
W0720,2016,F,2009,16,WithCubs,-23.32,4.13,71.4,59,4,0.027,0.022,0.589
W1011,2016,F,2011,7,WithCubs,-22.72,3.96,NA,57,5,0.027,0.022,0.589
W1205,2016,F,NA,5,WithCubs,-23.63,4.28,83,57,4,0.027,0.022,0.589
W1418,2016,F,NA,NA,WithCubs,-23.16,3.89,96.8,60,4,0.027,0.022,0.589
W1508,2016,F,2016,NA,WithCubs,-23.75,4.6,82,58,5,0.027,0.022,0.589
W9403,2016,F,2014,23,WithCubs,-22.93,4.25,90,59,4,0.027,0.022,0.589
W0104,2017,F,2000,18,WithCubs,NA,NA,NA,NA,13,0.028,0.023,0.218
W0219,2017,F,2001,17,WithCubs,NA,NA,NA,NA,13,0.028,0.023,0.218
W0720,2017,F,2000,18,WithCubs,NA,NA,NA,NA,13,0.028,0.023,0.218
W1017,2017,F,2009,9,WithCubs,NA,NA,NA,NA,13,0.028,0.023,0.218
W1203,2017,F,2008,10,WithCubs,NA,NA,NA,NA,13,0.028,0.023,0.218
W1305,2017,F,2012,6,WithCubs,NA,NA,NA,NA,13,0.028,0.023,0.218
W1319,2017,F,2009,9,WithCubs,NA,NA,NA,NA,13,0.028,0.023,0.218
W1408,2017,F,2013,5,WithCubs,NA,NA,NA,NA,13,0.028,0.023,0.218
W9403,2017,F,1993,25,WithCubs,NA,NA,NA,NA,13,0.028,0.023,0.218
W0219,2017,F,2005,16,WithCubs,-23.76,3.62,96.4,62,5,0.028,0.023,0.218
W0623,2017,F,2015,12,WithCubs,-23.31,3.17,88.4,61,5,0.028,0.023,0.218
W0706,2017,F,2000,11,WithCubs,-23.29,3.68,87,61,5,0.028,0.023,0.218
W0720,2017,F,2009,17,WithCubs,-22.99,4.26,87.4,63,4,0.028,0.023,0.218
W1017,2017,F,2008,8,WithCubs,-23.58,4.06,90,59.5,5,0.028,0.023,0.218
W1203,2017,F,2012,9,WithCubs,-19.23,4.47,85.8,58,5,0.028,0.023,0.218
W1310,2017,F,2016,5,WithCubs,-22.92,4.54,87.6,60,5,0.028,0.023,0.218
W1311,2017,F,2009,5,WithCubs,-23.16,3.56,73,58,5,0.028,0.023,0.218
W1417,2017,F,NA,NA,WithCubs,-22.91,3.51,76,60,5,0.028,0.023,0.218
W1418,2017,F,NA,NA,WithCubs,-22.98,3.94,95,61,5,0.028,0.023,0.218
W1505,2017,F,2016,NA,WithCubs,-22.72,4.07,111,64,4,0.028,0.023,0.218
W9403,2017,F,2000,24,WithCubs,-23.09,4.3,108.4,64,5,0.028,0.023,0.218
W0104,2018,F,2005,18,WithCubs,-22.47,4.21,103.2,62,4,0.033,0.026,0.414
W0605,2018,F,NA,13,WithCubs,-22.41,4.27,82,58.5,5,0.033,0.026,0.414
W0623,2018,F,2006,13,WithCubs,-22.58,4.07,95.6,62,5,0.033,0.026,0.414
W0706,2018,F,2009,12,WithCubs,-22.69,4.11,NA,62,5,0.033,0.026,0.414
W1011,2018,F,2008,9,WithCubs,-23.45,4.36,92.8,60.5,5,0.033,0.026,0.414
W1203,2018,F,NA,10,WithCubs,-22.63,3.69,NA,63,5,0.033,0.026,0.414
W1205,2018,F,NA,7,WithCubs,-23.13,4.64,94.4,60,5,0.033,0.026,0.414
W1417,2018,M,2017,NA,WithCubs,-22.73,4.35,NA,61,5,0.033,0.026,0.414
W0605,2019,F,2008,14,WithCubs,-22.52,4.53,82.5,59,4,0.037,0.031,0.524
W1203,2019,F,2011,11,WithCubs,-22.73,4.08,105,61,4,0.037,0.031,0.524
W1205,2019,F,2012,8,WithCubs,-23.04,5.3,100,59,4,0.037,0.031,0.524
W1304,2019,F,2012,7,WithCubs,-23,4.01,66,53,4,0.037,0.031,0.524
W1310,2019,F,2012,7,WithCubs,-22.8,4.6,97.4,60,5,0.037,0.031,0.524
W1311,2019,F,2009,7,WithCubs,-22.55,4.68,74,58,5,0.037,0.031,0.524
W1319,2019,F,NA,10,WithCubs,-22.84,3.63,80,57,4,0.037,0.031,0.524
W1417,2019,F,NA,NA,WithCubs,-22.75,3.92,78,57.5,5,0.037,0.031,0.524
W1418,2019,F,NA,NA,WithCubs,-23.12,6,96.5,59,4,0.037,0.031,0.524
W1505,2019,F,2015,NA,WithCubs,-23.52,4.68,102,58,4,0.037,0.031,0.524
W1609,2019,M,2018,4,WithCubs,-22.97,3.91,90,59,5,0.037,0.031,0.524
W1203,2020,F,2009,12,WithCubs,-23.12,4.17,NA,59,5,0.031,0.025,0.581
W1319,2020,M,2015,11,WithCubs,-23.06,4.3,NA,NA,4,0.031,0.025,0.581
W1509,2020,M,2012,6,WithCubs,-23.21,4.38,61.2,54,5,0.031,0.025,0.581
W2106,2020,F,2020,6,WithCubs,-23.71,4.27,89,58,4,0.031,0.025,0.581
